EAST,NORTH,NOTUSED,OZONugperm3,PM10ugperm3,PM1ugperm3,PM2.5ugperm3,RELHUMpct,TEMP C,time
528.213216,5126.182914,17150.0,0,13.0,5.0,7.0,113.67,8.8,2014-11-01 00:08:35
528.211642,5126.185363,15680.0,0,14.0,5.0,7.0,111.89,9.04,2014-11-01 00:18:35
528.213566,5126.184341,14700.0,0,10.0,5.0,7.0,109.78,9.17,2014-11-01 00:28:36
528.213566,5126.184341,15435.0,0,11.0,5.0,7.0,112.34,8.79,2014-11-01 00:38:36
528.212302,5126.182914,16415.0,0,12.0,5.0,7.0,112.63,8.72,2014-11-01 00:48:36
528.212302,5126.182914,16170.0,0,10.0,5.0,7.0,111.71,8.76,2014-11-01 00:58:36
528.212302,5126.182914,19110.0,0,13.0,5.0,6.0,109.19,9.09,2014-11-01 01:08:36
528.212302,5126.182914,15680.0,0,17.0,5.0,7.0,108.93,8.99,2014-11-01 01:18:36
528.215084,5126.182704,18620.0,0,10.0,5.0,7.0,108.72,8.99,2014-11-01 01:28:36
528.216267,5126.185377,16170.0,0,9.0,5.0,7.0,109.9,8.75,2014-11-01 01:38:36
528.216267,5126.185377,14700.0,0,11.0,5.0,6.0,107.88,9.06,2014-11-01 01:48:36
528.216267,5126.185377,13965.0,0,10.0,5.0,6.0,108.62,8.86,2014-11-01 01:58:36
528.212594,5126.182454,13720.0,0,14.0,5.0,5.0,109.82,8.67,2014-11-01 02:08:36
528.206018,5126.17889,13720.0,0,11.0,4.0,6.0,108.45,8.81,2014-11-01 02:18:37
528.213383,5126.17367,12985.0,0,12.0,5.0,6.0,106.4,9.04,2014-11-01 02:28:37
528.213383,5126.17367,12985.0,0,9.0,4.0,6.0,108.13,8.67,2014-11-01 02:38:37
528.214503,5126.180335,13720.0,0,13.0,5.0,6.0,111.25,8.25,2014-11-01 02:48:37
528.213747,5126.181647,12005.0,0,11.0,5.0,6.0,108.9,8.55,2014-11-01 02:58:37
528.213747,5126.181647,12495.0,0,10.0,5.0,7.0,108.4,8.55,2014-11-01 03:08:37
528.21147,5126.184697,10535.0,0,14.0,5.0,6.0,104.89,9.03,2014-11-01 03:18:37
528.21147,5126.184697,12740.0,0,12.0,5.0,6.0,105.3,8.9,2014-11-01 03:28:37
528.210594,5126.183288,12985.0,0,12.0,5.0,6.0,109.07,8.27,2014-11-01 03:38:37
528.210594,5126.183288,12740.0,0,17.0,5.0,6.0,107.78,8.49,2014-11-01 03:48:37
528.212586,5126.184256,10535.0,0,9.0,5.0,6.0,103.4,9.11,2014-11-01 03:58:37
528.212772,5126.184398,11515.0,0,12.0,4.0,5.0,103.8,8.92,2014-11-01 04:08:38
528.212772,5126.184398,12740.0,0,9.0,4.0,6.0,108.75,8.15,2014-11-01 04:18:38
528.211919,5126.185163,11760.0,0,10.0,4.0,7.0,107.68,8.33,2014-11-01 04:28:38
528.212355,5126.185113,10290.0,0,16.0,4.0,5.0,105.36,8.63,2014-11-01 04:38:38
528.21434,5126.184571,10290.0,0,9.0,4.0,6.0,102.23,9.04,2014-11-01 04:48:38
528.212688,5126.18583,11760.0,0,10.0,5.0,6.0,101.97,9.03,2014-11-01 04:58:38
528.211694,5126.185234,12495.0,0,10.0,5.0,5.0,102.91,8.87,2014-11-01 05:08:38
528.211694,5126.185234,11270.0,0,10.0,5.0,5.0,106.14,8.43,2014-11-01 05:18:38
528.211694,5126.185234,11515.0,0,12.0,4.0,5.0,111.61,7.59,2014-11-01 05:28:38
528.206108,5126.176532,10780.0,0,10.0,5.0,6.0,107.09,8.34,2014-11-01 05:48:38
528.206627,5126.176689,10290.0,0,8.0,4.0,6.0,105.47,8.44,2014-11-01 05:58:39
528.207847,5126.181097,11270.0,0,14.0,4.0,6.0,109.6,7.83,2014-11-01 06:08:39
528.205191,5126.181735,11515.0,0,9.0,4.0,5.0,107.78,8.01,2014-11-01 06:18:39
528.204976,5126.178279,9310.0,0,13.0,4.0,5.0,104.59,8.45,2014-11-01 06:28:39
528.20472,5126.18225,10780.0,0,9.0,4.0,5.0,114.51,6.95,2014-11-01 06:38:39
528.20472,5126.18225,11515.0,0,8.0,4.0,5.0,114.87,7.07,2014-11-01 06:48:39
528.209689,5126.180089,11025.0,0,7.0,4.0,5.0,112.07,7.37,2014-11-01 06:58:39
528.206334,5126.180628,12985.0,0,10.0,4.0,5.0,116.15,6.82,2014-11-01 07:08:39
528.210866,5126.176279,14210.0,0,9.0,4.0,5.0,115.49,6.99,2014-11-01 07:18:39
528.210866,5126.176279,12005.0,0,9.0,5.0,6.0,114.18,7.24,2014-11-01 07:28:39
528.212742,5126.180021,12740.0,0,10.0,4.0,5.0,114.67,7.24,2014-11-01 07:38:39
528.214098,5126.1816,15190.0,0,8.0,4.0,5.0,106.03,8.68,2014-11-01 07:48:40
528.214098,5126.1816,18375.0,0,12.0,4.0,5.0,101.68,9.36,2014-11-01 07:58:40
528.214098,5126.1816,18130.0,0,15.0,4.0,5.0,95.23,10.81,2014-11-01 08:08:40
528.214098,5126.1816,21315.0,0,18.0,4.0,5.0,86.76,12.26,2014-11-01 08:18:40
528.213214,5126.178072,11760.0,0,11.0,4.0,5.0,86.79,12.25,2014-11-01 08:28:40
528.210653,5126.178567,15190.0,0,9.0,4.0,5.0,84.56,12.7,2014-11-01 08:38:40
528.210653,5126.178567,18865.0,0,11.0,4.0,5.0,80.27,13.75,2014-11-01 08:48:40
528.210454,5126.181503,19355.0,0,7.0,4.0,5.0,79.38,13.94,2014-11-01 08:58:40
528.210841,5126.183058,16905.0,0,11.0,4.0,4.0,77.15,14.77,2014-11-01 09:08:40
528.213212,5126.18086,14945.0,0,10.0,3.0,4.0,80.76,14.14,2014-11-01 09:18:40
528.211863,5126.182984,15435.0,0,10.0,4.0,5.0,76.18,15.32,2014-11-01 09:28:40
528.212277,5126.182306,13965.0,0,9.0,4.0,6.0,72.85,16.2,2014-11-01 09:38:41
528.212277,5126.182306,13965.0,0,9.0,3.0,4.0,73.67,16.07,2014-11-01 09:48:41
528.210913,5126.18206,16905.0,0,10.0,4.0,5.0,75.08,16.02,2014-11-01 09:58:41
528.211066,5126.181064,15925.0,0,8.0,4.0,5.0,68.67,17.54,2014-11-01 10:08:41
528.211023,5126.179574,13720.0,0,12.0,4.0,4.0,65.78,18.42,2014-11-01 10:18:41
528.210997,5126.179495,16905.0,0,10.0,3.0,4.0,62.39,19.22,2014-11-01 10:28:41
528.211319,5126.182807,10535.0,0,7.0,3.0,5.0,62.8,18.89,2014-11-01 10:38:41
528.213346,5126.183093,10535.0,0,8.0,3.0,5.0,57.23,20.61,2014-11-01 10:48:41
528.20974,5126.181081,10535.0,0,7.0,3.0,4.0,55.81,20.98,2014-11-01 10:58:41
528.20974,5126.181081,10290.0,0,8.0,3.0,4.0,54.36,21.46,2014-11-01 11:08:41
528.20974,5126.181081,9555.0,0,10.0,4.0,4.0,54.21,21.64,2014-11-01 11:18:41
528.20974,5126.181081,8575.0,0,13.0,3.0,5.0,52.21,22.59,2014-11-01 11:28:42
528.20974,5126.181081,10045.0,0,13.0,3.0,4.0,50.42,23.12,2014-11-01 11:38:42
528.214598,5126.187552,11270.0,0,10.0,3.0,4.0,52.24,22.19,2014-11-01 11:48:42
528.212898,5126.183533,14945.0,0,11.0,3.0,4.0,47.14,24.39,2014-11-01 11:58:42
528.213249,5126.181955,26215.0,0,17.0,3.0,5.0,46.64,24.55,2014-11-01 12:08:42
528.214863,5126.183723,23765.0,0,11.0,4.0,5.0,46.16,24.49,2014-11-01 12:18:42
528.214863,5126.183723,12250.0,0,11.0,3.0,4.0,46.64,24.63,2014-11-01 12:28:42
528.214863,5126.183723,12740.0,0,17.0,4.0,4.0,44.96,25.27,2014-11-01 12:38:42
528.214147,5126.181641,12985.0,0,15.0,4.0,5.0,47.0,24.39,2014-11-01 12:48:42
528.213114,5126.180691,11760.0,0,8.0,4.0,4.0,50.22,23.22,2014-11-01 12:58:42
528.213114,5126.180691,12005.0,0,19.0,3.0,5.0,51.09,23.0,2014-11-01 13:08:42
528.211985,5126.180225,10290.0,0,10.0,4.0,5.0,48.59,24.04,2014-11-01 13:18:43
528.206515,5126.180362,8820.0,0,9.0,3.0,5.0,47.8,24.33,2014-11-01 13:28:43
528.210193,5126.180501,9065.0,0,11.0,3.0,4.0,51.51,23.22,2014-11-01 13:38:43
528.21173,5126.181162,10535.0,0,10.0,3.0,5.0,51.63,23.16,2014-11-01 13:48:43
528.21173,5126.181162,10535.0,0,13.0,3.0,4.0,52.66,22.88,2014-11-01 13:58:43
528.21173,5126.181162,9555.0,0,15.0,3.0,4.0,54.29,22.5,2014-11-01 14:08:43
528.21173,5126.181162,16170.0,0,9.0,4.0,5.0,56.18,22.22,2014-11-01 14:18:43
528.212037,5126.176543,19355.0,0,17.0,4.0,5.0,57.27,21.9,2014-11-01 14:28:43
528.210256,5126.177904,15925.0,0,12.0,4.0,4.0,59.57,21.23,2014-11-01 14:38:43
528.209927,5126.178652,12985.0,0,17.0,4.0,5.0,62.32,20.52,2014-11-01 14:48:43
528.207435,5126.179441,17150.0,0,18.0,4.0,6.0,66.46,19.56,2014-11-01 14:58:43
528.209656,5126.179388,20580.0,0,9.0,4.0,5.0,65.92,19.8,2014-11-01 15:08:44
528.208664,5126.17749,13230.0,0,11.0,4.0,5.0,67.52,19.3,2014-11-01 15:18:44
528.21051,5126.181149,14455.0,0,13.0,4.0,5.0,65.21,19.93,2014-11-01 15:28:44
528.210193,5126.181486,23765.0,0,14.0,4.0,5.0,64.74,20.05,2014-11-01 15:38:44
528.210193,5126.181486,15435.0,0,10.0,4.0,6.0,66.47,19.66,2014-11-01 15:48:44
528.214767,5126.180832,20580.0,0,11.0,4.0,6.0,67.44,19.3,2014-11-01 15:58:44
528.214628,5126.179151,17640.0,0,12.0,4.0,6.0,70.08,18.4,2014-11-01 16:08:44
528.211688,5126.177619,12250.0,0,16.0,5.0,6.0,67.99,18.72,2014-11-01 16:18:44
528.212701,5126.177019,21315.0,0,18.0,5.0,6.0,69.39,18.35,2014-11-01 16:28:44
528.212701,5126.177019,20335.0,0,13.0,5.0,7.0,71.11,17.94,2014-11-01 16:38:44
528.21401,5126.182652,20335.0,0,15.0,5.0,7.0,74.72,17.2,2014-11-01 16:48:44
528.21401,5126.182652,19845.0,0,15.0,5.0,7.0,75.92,17.03,2014-11-01 16:58:45
528.21401,5126.182652,21070.0,0,18.0,6.0,7.0,78.15,16.75,2014-11-01 17:08:45
528.21401,5126.182652,32095.0,0,12.0,6.0,8.0,76.0,17.18,2014-11-01 17:18:45
528.213589,5126.181677,38955.0,0,16.0,6.0,8.0,77.16,16.92,2014-11-01 17:28:45
528.210691,5126.179828,36995.0,0,15.0,7.0,9.0,78.02,16.81,2014-11-01 17:38:45
528.210772,5126.180457,36995.0,0,17.0,7.0,9.0,77.5,16.89,2014-11-01 17:48:45
528.21243,5126.18152,31360.0,0,16.0,7.0,8.0,77.49,16.85,2014-11-01 17:58:45
528.211535,5126.180733,29155.0,0,16.0,7.0,9.0,77.16,16.83,2014-11-01 18:08:45
528.211535,5126.180733,31360.0,0,12.0,6.0,8.0,77.23,16.81,2014-11-01 18:18:45
528.212296,5126.181961,20335.0,0,15.0,6.0,8.0,77.15,16.85,2014-11-01 18:28:45
528.212296,5126.181961,21315.0,0,10.0,5.0,7.0,78.51,16.55,2014-11-01 18:38:45
528.212296,5126.181961,24010.0,0,13.0,6.0,7.0,79.18,16.45,2014-11-01 18:48:46
528.20939,5126.181036,22785.0,0,15.0,6.0,7.0,79.34,16.4,2014-11-01 18:58:46
528.210421,5126.184007,20825.0,0,14.0,6.0,8.0,79.96,16.22,2014-11-01 19:08:46
528.210456,5126.184631,18375.0,0,17.0,6.0,7.0,80.12,16.22,2014-11-01 19:18:46
528.210456,5126.184631,21560.0,0,14.0,6.0,7.0,80.55,16.15,2014-11-01 19:28:46
528.210041,5126.183308,18865.0,0,16.0,6.0,7.0,81.3,16.09,2014-11-01 19:38:46
528.210041,5126.183308,15680.0,0,18.0,6.0,8.0,83.38,15.84,2014-11-01 19:48:46
528.210041,5126.183308,16415.0,0,12.0,6.0,8.0,85.09,15.48,2014-11-01 19:58:46
528.210041,5126.183308,16905.0,0,18.0,6.0,7.0,84.98,15.55,2014-11-01 20:08:46
528.210041,5126.183308,16170.0,0,14.0,6.0,8.0,84.74,15.57,2014-11-01 20:18:46
528.210719,5126.181953,16170.0,0,23.0,6.0,8.0,84.55,15.61,2014-11-01 20:28:46
528.209907,5126.181018,18375.0,0,19.0,6.0,7.0,84.98,15.51,2014-11-01 20:38:47
528.209677,5126.180912,19355.0,0,20.0,7.0,9.0,86.81,15.23,2014-11-01 20:48:47
528.209677,5126.180912,18620.0,0,14.0,6.0,8.0,87.2,15.08,2014-11-01 20:58:47
528.209677,5126.180912,18375.0,0,18.0,7.0,9.0,89.16,14.83,2014-11-01 21:08:47
528.209677,5126.180912,21070.0,0,13.0,7.0,9.0,89.64,14.73,2014-11-01 21:18:47
528.209677,5126.180912,16660.0,0,13.0,6.0,8.0,89.58,14.77,2014-11-01 21:28:47
528.209677,5126.180912,18130.0,0,12.0,7.0,8.0,90.23,14.68,2014-11-01 21:38:47
528.213273,5126.180221,17150.0,0,17.0,7.0,10.0,92.27,14.35,2014-11-01 21:48:47
528.212161,5126.18099,20825.0,0,16.0,8.0,11.0,93.94,14.07,2014-11-01 21:58:47
528.212161,5126.18099,21315.0,0,19.0,8.0,11.0,98.66,13.26,2014-11-01 22:08:47
528.210383,5126.180727,19845.0,0,19.0,8.0,10.0,102.11,12.67,2014-11-01 22:18:47
528.211241,5126.184173,21315.0,0,15.0,7.0,9.0,101.07,12.73,2014-11-01 22:28:48
528.210973,5126.18171,22050.0,0,15.0,7.0,9.0,101.01,12.73,2014-11-01 22:38:48
528.209797,5126.182781,19600.0,0,13.0,7.0,9.0,102.17,12.56,2014-11-01 22:48:48
528.209785,5126.18223,16415.0,0,25.0,7.0,8.0,100.87,12.78,2014-11-01 22:58:48
528.209785,5126.18223,16660.0,0,15.0,7.0,8.0,99.35,12.87,2014-11-01 23:08:48
528.212586,5126.182661,20335.0,0,13.0,6.0,8.0,95.97,13.29,2014-11-01 23:18:48
528.212404,5126.185805,14210.0,0,14.0,6.0,8.0,96.61,13.14,2014-11-01 23:28:48
528.213412,5126.185184,11515.0,0,17.0,6.0,8.0,97.28,13.0,2014-11-01 23:38:48
528.212136,5126.184974,13230.0,0,11.0,6.0,7.0,99.22,12.68,2014-11-01 23:48:48
528.212303,5126.181345,13720.0,0,11.0,6.0,8.0,101.7,12.37,2014-11-01 23:58:48
528.212303,5126.181345,14945.0,0,18.0,6.0,8.0,100.67,12.58,2014-11-02 00:08:48
528.212303,5126.181345,14700.0,0,16.0,6.0,8.0,99.92,12.66,2014-11-02 00:18:49
528.213794,5126.184385,14700.0,0,15.0,6.0,8.0,102.74,12.22,2014-11-02 00:28:49
528.213794,5126.184385,14455.0,0,12.0,6.0,8.0,103.12,12.16,2014-11-02 00:38:49
528.213794,5126.184385,16170.0,0,13.0,6.0,8.0,99.34,12.72,2014-11-02 00:48:49
528.213794,5126.184385,16905.0,0,12.0,6.0,7.0,102.17,12.22,2014-11-02 00:58:49
528.213794,5126.184385,14700.0,0,16.0,6.0,8.0,100.39,12.59,2014-11-02 01:08:49
528.213794,5126.184385,15680.0,0,14.0,6.0,7.0,98.7,12.79,2014-11-02 01:18:49
528.214325,5126.183665,17395.0,0,11.0,6.0,7.0,99.11,12.8,2014-11-02 01:28:49
528.213437,5126.183917,10780.0,0,14.0,6.0,8.0,98.6,12.9,2014-11-02 01:38:49
528.213437,5126.183917,13475.0,0,14.0,6.0,7.0,101.64,12.46,2014-11-02 01:48:49
528.20234,5126.17803,13720.0,0,15.0,6.0,7.0,105.56,11.91,2014-11-02 01:58:49
528.20234,5126.17803,10290.0,0,11.0,6.0,7.0,102.97,12.39,2014-11-02 02:08:50
528.21069,5126.177753,9310.0,0,13.0,6.0,8.0,100.82,12.73,2014-11-02 02:18:50
528.209767,5126.176035,10535.0,0,13.0,6.0,7.0,98.75,13.17,2014-11-02 02:28:50
528.209344,5126.179969,9555.0,0,17.0,6.0,8.0,102.21,12.67,2014-11-02 02:38:50
528.21367,5126.18199,9310.0,0,14.0,7.0,8.0,100.13,13.1,2014-11-02 02:48:50
528.212269,5126.180596,9555.0,0,14.0,6.0,8.0,102.0,12.86,2014-11-02 02:58:50
528.210756,5126.179839,10045.0,0,10.0,6.0,7.0,103.7,12.74,2014-11-02 03:08:50
528.211856,5126.185754,10535.0,0,17.0,6.0,7.0,101.32,13.11,2014-11-02 03:18:50
528.211247,5126.183063,9800.0,0,13.0,6.0,8.0,101.46,13.09,2014-11-02 03:28:50
528.210518,5126.182492,8820.0,0,18.0,6.0,8.0,99.96,13.36,2014-11-02 03:38:50
528.209683,5126.18373,8820.0,0,16.0,6.0,8.0,102.82,12.94,2014-11-02 03:48:50
528.209683,5126.18373,9310.0,0,20.0,6.0,8.0,101.24,13.22,2014-11-02 03:58:51
528.211524,5126.185014,9555.0,0,15.0,6.0,9.0,103.77,12.84,2014-11-02 04:08:51
528.211524,5126.185014,9310.0,0,12.0,6.0,8.0,102.51,13.08,2014-11-02 04:18:51
528.211524,5126.185014,8575.0,0,18.0,6.0,8.0,105.62,12.51,2014-11-02 04:28:51
528.211524,5126.185014,9310.0,0,11.0,6.0,8.0,105.27,12.55,2014-11-02 04:38:51
528.213984,5126.184634,9065.0,0,16.0,6.0,9.0,109.49,11.89,2014-11-02 04:48:51
528.210937,5126.182427,8330.0,0,18.0,6.0,8.0,109.17,11.93,2014-11-02 04:58:51
528.210232,5126.186481,9065.0,0,17.0,7.0,9.0,108.47,12.03,2014-11-02 05:08:51
528.210676,5126.187185,7840.0,0,17.0,6.0,9.0,108.72,11.9,2014-11-02 05:18:51
528.210676,5126.187185,7595.0,0,23.0,6.0,8.0,109.26,11.77,2014-11-02 05:28:51
528.210676,5126.187185,7840.0,0,20.0,6.0,8.0,109.28,11.74,2014-11-02 05:38:51
528.210676,5126.187185,8330.0,0,15.0,6.0,8.0,110.03,11.54,2014-11-02 05:48:52
528.210676,5126.187185,7840.0,0,17.0,6.0,8.0,110.83,11.23,2014-11-02 05:58:52
528.210676,5126.187185,7105.0,0,20.0,5.0,8.0,110.52,11.18,2014-11-02 06:08:52
528.206007,5126.179845,7105.0,0,13.0,6.0,7.0,114.61,10.58,2014-11-02 06:18:52
528.206007,5126.179845,7840.0,0,16.0,6.0,9.0,116.22,10.36,2014-11-02 06:28:52
528.206007,5126.179845,7105.0,0,15.0,6.0,9.0,114.59,10.57,2014-11-02 06:38:52
528.206007,5126.179845,7595.0,0,12.0,6.0,8.0,111.68,10.94,2014-11-02 06:48:52
528.206007,5126.179845,7840.0,0,16.0,5.0,8.0,116.1,10.36,2014-11-02 06:58:52
528.209713,5126.18178,8575.0,0,14.0,6.0,8.0,114.88,10.64,2014-11-02 07:08:52
528.208673,5126.179447,8575.0,0,16.0,6.0,8.0,115.0,10.58,2014-11-02 07:18:52
528.208673,5126.179447,9065.0,0,16.0,6.0,8.0,117.55,10.24,2014-11-02 07:28:52
528.208673,5126.179447,9555.0,0,16.0,6.0,10.0,115.76,10.46,2014-11-02 07:38:53
528.213741,5126.180092,9800.0,0,18.0,6.0,8.0,110.49,11.09,2014-11-02 07:48:53
528.213946,5126.181083,10290.0,0,20.0,5.0,9.0,110.53,10.84,2014-11-02 07:58:53
528.213484,5126.180975,9800.0,0,13.0,5.0,8.0,105.92,11.59,2014-11-02 08:08:53
528.214107,5126.18177,9065.0,0,13.0,5.0,7.0,92.92,13.28,2014-11-02 08:18:53
528.211304,5126.178362,8330.0,0,15.0,5.0,6.0,87.09,13.95,2014-11-02 08:28:53
528.211304,5126.178362,7840.0,0,13.0,4.0,6.0,82.04,14.62,2014-11-02 08:38:53
528.211304,5126.178362,7350.0,0,13.0,4.0,7.0,81.09,14.62,2014-11-02 08:48:53
528.211629,5126.180798,7105.0,0,16.0,5.0,7.0,78.4,15.01,2014-11-02 08:58:53
528.211983,5126.182406,6860.0,0,13.0,4.0,6.0,74.05,15.79,2014-11-02 09:08:53
528.213003,5126.181887,6860.0,0,17.0,4.0,6.0,72.84,15.9,2014-11-02 09:18:53
528.21126,5126.183067,5880.0,0,15.0,4.0,6.0,69.75,16.56,2014-11-02 09:28:54
528.212149,5126.183067,5390.0,0,14.0,4.0,6.0,69.71,16.5,2014-11-02 09:38:54
528.21183,5126.182862,5145.0,0,11.0,4.0,6.0,66.56,17.09,2014-11-02 09:48:54
528.21183,5126.182862,6370.0,0,14.0,4.0,5.0,66.8,16.77,2014-11-02 09:58:54
528.21183,5126.182862,5390.0,0,12.0,3.0,5.0,65.86,16.98,2014-11-02 10:08:54
528.21183,5126.182862,4900.0,0,18.0,4.0,6.0,60.94,18.2,2014-11-02 10:18:54
528.211313,5126.181221,4655.0,0,12.0,4.0,5.0,61.48,17.88,2014-11-02 10:28:54
528.21211,5126.183687,5145.0,0,11.0,4.0,6.0,62.53,17.74,2014-11-02 10:38:54
528.21211,5126.183687,5390.0,0,19.0,4.0,5.0,64.56,17.22,2014-11-02 10:48:54
528.21211,5126.183687,5635.0,0,11.0,4.0,5.0,63.64,17.57,2014-11-02 10:58:54
528.21211,5126.183687,5635.0,0,15.0,4.0,5.0,60.84,18.42,2014-11-02 11:08:54
528.21211,5126.183687,5390.0,0,14.0,3.0,5.0,62.35,17.9,2014-11-02 11:18:55
528.21211,5126.183687,5390.0,0,10.0,4.0,5.0,61.88,18.23,2014-11-02 11:28:55
528.21211,5126.183687,4900.0,0,7.0,3.0,4.0,60.22,18.3,2014-11-02 11:38:55
528.213678,5126.187665,4410.0,0,14.0,3.0,5.0,62.33,17.63,2014-11-02 11:48:55
528.212222,5126.184688,5390.0,0,8.0,3.0,4.0,64.07,17.07,2014-11-02 11:58:55
528.21355,5126.184659,7350.0,0,9.0,3.0,4.0,66.3,16.55,2014-11-02 12:08:55
528.21355,5126.184659,5145.0,0,10.0,3.0,4.0,64.34,17.15,2014-11-02 12:18:55
528.21355,5126.184659,4900.0,0,10.0,3.0,4.0,62.3,17.57,2014-11-02 12:28:55
528.214321,5126.182625,4410.0,0,9.0,3.0,4.0,58.5,18.42,2014-11-02 12:38:55
528.214321,5126.182625,5390.0,0,13.0,3.0,4.0,60.55,17.74,2014-11-02 12:48:55
528.214321,5126.182625,4900.0,0,10.0,3.0,4.0,61.14,17.44,2014-11-02 12:58:55
528.212887,5126.181507,5145.0,0,9.0,3.0,3.0,64.14,16.65,2014-11-02 13:08:56
528.212887,5126.181507,4900.0,0,9.0,3.0,4.0,66.14,16.25,2014-11-02 13:18:56
528.204641,5126.182991,3920.0,0,8.0,2.0,4.0,67.2,16.17,2014-11-02 13:28:56
528.204641,5126.182991,3430.0,0,8.0,3.0,4.0,68.56,16.01,2014-11-02 13:38:56
528.204641,5126.182991,3430.0,0,8.0,3.0,4.0,69.35,15.91,2014-11-02 13:48:56
528.204641,5126.182991,3920.0,0,7.0,3.0,4.0,71.16,15.66,2014-11-02 13:58:56
528.215588,5126.180387,4900.0,0,7.0,3.0,4.0,72.46,15.71,2014-11-02 14:08:56
528.215333,5126.180051,3920.0,0,9.0,3.0,4.0,74.23,15.43,2014-11-02 14:18:56
528.215333,5126.180051,4410.0,0,9.0,4.0,5.0,74.93,15.27,2014-11-02 14:28:56
528.215333,5126.180051,5635.0,0,7.0,3.0,4.0,74.65,15.35,2014-11-02 14:38:56
528.209888,5126.179375,5390.0,0,10.0,3.0,5.0,77.85,15.02,2014-11-02 14:48:56
528.209682,5126.180308,5390.0,0,8.0,3.0,5.0,78.64,15.06,2014-11-02 14:58:57
528.209682,5126.180308,5390.0,0,7.0,3.0,4.0,80.48,14.8,2014-11-02 15:08:57
528.209682,5126.180308,9310.0,0,8.0,3.0,5.0,80.14,15.11,2014-11-02 15:18:57
528.211729,5126.181879,6370.0,0,9.0,3.0,4.0,82.51,14.72,2014-11-02 15:28:57
528.211729,5126.181879,5880.0,0,10.0,4.0,5.0,85.17,14.37,2014-11-02 15:38:57
528.211729,5126.181879,5635.0,0,9.0,3.0,4.0,86.45,14.3,2014-11-02 15:48:57
528.211729,5126.181879,5390.0,0,10.0,3.0,4.0,87.16,14.26,2014-11-02 15:58:57
528.213029,5126.180025,5635.0,0,15.0,4.0,5.0,89.02,14.05,2014-11-02 16:08:57
528.213029,5126.180025,5880.0,0,9.0,4.0,6.0,90.61,13.8,2014-11-02 16:18:57
528.212602,5126.179556,7595.0,0,14.0,4.0,5.0,91.6,13.74,2014-11-02 16:28:57
528.212602,5126.179556,8820.0,0,10.0,4.0,6.0,92.27,13.6,2014-11-02 16:38:57
528.212602,5126.179556,6615.0,0,7.0,4.0,5.0,93.15,13.48,2014-11-02 16:48:58
528.212602,5126.179556,6860.0,0,14.0,4.0,6.0,92.9,13.53,2014-11-02 16:58:58
528.212602,5126.179556,7350.0,0,10.0,4.0,5.0,93.22,13.4,2014-11-02 17:08:58
528.212006,5126.183064,8330.0,0,14.0,4.0,5.0,92.72,13.5,2014-11-02 17:18:58
528.21139,5126.182614,8330.0,0,10.0,4.0,5.0,93.39,13.36,2014-11-02 17:28:58
528.211362,5126.182024,10535.0,0,10.0,4.0,5.0,93.62,13.35,2014-11-02 17:38:58
528.21077,5126.180952,8820.0,0,10.0,4.0,5.0,93.18,13.39,2014-11-02 17:48:58
528.21077,5126.180952,8330.0,0,12.0,4.0,6.0,95.46,13.02,2014-11-02 17:58:58
528.210314,5126.181692,8820.0,0,8.0,4.0,5.0,95.66,13.08,2014-11-02 18:08:58
528.210314,5126.181692,8820.0,0,10.0,4.0,5.0,95.02,13.11,2014-11-02 18:18:58
528.213316,5126.184122,8575.0,0,11.0,4.0,6.0,95.81,13.08,2014-11-02 18:28:58
528.213316,5126.184122,9310.0,0,14.0,5.0,6.0,97.01,12.92,2014-11-02 18:38:59
528.213316,5126.184122,9555.0,0,13.0,5.0,6.0,97.22,12.9,2014-11-02 18:48:59
528.211911,5126.184871,9310.0,0,11.0,6.0,9.0,99.2,12.61,2014-11-02 18:58:59
528.212122,5126.184118,9800.0,0,14.0,6.0,9.0,99.41,12.58,2014-11-02 19:08:59
528.212122,5126.184118,9065.0,0,11.0,5.0,7.0,100.06,12.55,2014-11-02 19:18:59
528.212122,5126.184118,8820.0,0,12.0,5.0,6.0,100.52,12.5,2014-11-02 19:28:59
528.205557,5126.184288,10780.0,0,12.0,4.0,6.0,100.38,12.55,2014-11-02 19:38:59
528.205557,5126.184288,10290.0,0,10.0,5.0,6.0,101.36,12.38,2014-11-02 19:48:59
528.205557,5126.184288,10535.0,0,11.0,4.0,6.0,100.07,12.64,2014-11-02 19:58:59
528.205557,5126.184288,9800.0,0,11.0,4.0,6.0,101.94,12.4,2014-11-02 20:08:59
528.211036,5126.181092,10290.0,0,11.0,4.0,7.0,100.27,12.7,2014-11-02 20:18:59
528.212317,5126.181699,11760.0,0,17.0,5.0,6.0,101.81,12.51,2014-11-02 20:29:00
528.212317,5126.181699,11760.0,0,9.0,5.0,6.0,101.82,12.57,2014-11-02 20:39:00
528.212317,5126.181699,12005.0,0,14.0,4.0,6.0,101.47,12.76,2014-11-02 20:49:00
528.212317,5126.181699,11515.0,0,10.0,4.0,6.0,102.19,12.73,2014-11-02 20:59:00
528.212317,5126.181699,10045.0,0,11.0,5.0,6.0,101.91,12.88,2014-11-02 21:09:00
528.212317,5126.181699,9800.0,0,8.0,4.0,6.0,101.71,12.97,2014-11-02 21:19:00
528.212317,5126.181699,9555.0,0,10.0,4.0,6.0,103.27,12.75,2014-11-02 21:29:00
528.210266,5126.181,9310.0,0,11.0,4.0,6.0,102.92,12.78,2014-11-02 21:39:00
528.209373,5126.180084,9065.0,0,11.0,4.0,5.0,102.76,12.79,2014-11-02 21:49:00
528.209569,5126.181872,8085.0,0,11.0,4.0,6.0,102.21,12.84,2014-11-02 21:59:00
528.209569,5126.181872,7840.0,0,12.0,4.0,5.0,102.12,12.84,2014-11-02 22:09:00
528.212409,5126.183364,6860.0,0,7.0,3.0,4.0,101.63,12.92,2014-11-02 22:19:01
528.211897,5126.183452,6860.0,0,9.0,3.0,4.0,101.46,12.81,2014-11-02 22:29:01
528.211897,5126.183452,6370.0,0,11.0,4.0,5.0,100.18,13.03,2014-11-02 22:39:01
528.211897,5126.183452,3675.0,0,10.0,3.0,4.0,101.78,11.89,2014-11-02 22:49:01
528.210649,5126.183486,2205.0,0,8.0,2.0,4.0,106.66,11.07,2014-11-02 22:59:01
528.213058,5126.184132,1960.0,0,6.0,2.0,3.0,106.27,11.17,2014-11-02 23:09:01
528.213058,5126.184132,1960.0,0,12.0,2.0,3.0,104.77,11.47,2014-11-02 23:19:01
528.213622,5126.186225,2205.0,0,10.0,3.0,4.0,104.64,11.56,2014-11-02 23:29:01
528.213622,5126.186225,2450.0,0,7.0,3.0,3.0,104.99,11.51,2014-11-02 23:39:01
528.214647,5126.186711,4900.0,0,16.0,2.0,3.0,108.35,11.14,2014-11-02 23:49:01
528.214647,5126.186711,6615.0,0,11.0,3.0,5.0,109.2,11.18,2014-11-02 23:59:01
528.214647,5126.186711,2205.0,0,10.0,2.0,4.0,109.69,11.09,2014-11-03 00:09:02
528.214647,5126.186711,2695.0,0,10.0,3.0,4.0,107.96,11.41,2014-11-03 00:19:02
528.214647,5126.186711,2450.0,0,11.0,3.0,4.0,114.92,10.19,2014-11-03 00:29:02
528.214647,5126.186711,2205.0,0,5.0,2.0,3.0,115.94,9.36,2014-11-03 00:39:02
528.204756,5126.183,1470.0,0,8.0,2.0,3.0,111.56,9.47,2014-11-03 00:49:02
528.204756,5126.183,1225.0,0,9.0,2.0,3.0,109.89,9.77,2014-11-03 00:59:02
528.204756,5126.183,1225.0,0,4.0,2.0,3.0,110.62,9.5,2014-11-03 01:09:02
528.207706,5126.181642,1225.0,0,4.0,2.0,2.0,111.18,9.46,2014-11-03 01:19:02
528.20726,5126.183891,1225.0,0,5.0,2.0,2.0,116.88,8.54,2014-11-03 01:29:02
528.20726,5126.183891,980.0,0,4.0,2.0,2.0,120.47,8.28,2014-11-03 01:39:02
528.212547,5126.183067,980.0,0,6.0,2.0,3.0,116.28,8.82,2014-11-03 01:49:02
528.204137,5126.182475,1470.0,0,5.0,2.0,3.0,122.26,8.03,2014-11-03 01:59:03
528.207695,5126.176569,1715.0,0,6.0,2.0,2.0,123.93,7.92,2014-11-03 02:09:03
528.207719,5126.176094,1715.0,0,7.0,2.0,3.0,119.77,8.57,2014-11-03 02:19:03
528.205148,5126.172973,1960.0,0,5.0,2.0,3.0,122.78,7.95,2014-11-03 02:29:03
528.205148,5126.172973,2205.0,0,14.0,2.0,3.0,120.27,8.32,2014-11-03 02:39:03
528.214783,5126.182692,2695.0,0,5.0,2.0,3.0,116.53,8.67,2014-11-03 02:49:03
528.21413,5126.182261,2940.0,0,7.0,2.0,3.0,114.86,8.7,2014-11-03 02:59:03
528.212383,5126.178613,3185.0,0,6.0,2.0,3.0,112.54,8.9,2014-11-03 03:09:03
528.210588,5126.18324,3675.0,0,6.0,2.0,3.0,112.68,8.84,2014-11-03 03:19:03
528.210588,5126.18324,2940.0,0,8.0,2.0,2.0,114.27,8.55,2014-11-03 03:29:03
528.210588,5126.18324,3185.0,0,7.0,2.0,3.0,113.52,8.56,2014-11-03 03:39:03
528.212001,5126.184108,2940.0,0,8.0,2.0,4.0,111.87,8.75,2014-11-03 03:49:04
528.212001,5126.184108,2940.0,0,9.0,2.0,4.0,112.87,8.6,2014-11-03 03:59:04
528.212001,5126.184108,3185.0,0,9.0,3.0,4.0,111.88,8.7,2014-11-03 04:09:04
528.212001,5126.184108,3430.0,0,10.0,2.0,4.0,111.72,8.49,2014-11-03 04:19:04
528.212001,5126.184108,4410.0,0,7.0,3.0,4.0,110.95,8.6,2014-11-03 04:29:04
528.213614,5126.185233,4410.0,0,7.0,3.0,4.0,110.92,8.45,2014-11-03 04:39:04
528.213614,5126.185233,3430.0,0,8.0,3.0,4.0,111.1,8.34,2014-11-03 04:49:04
528.210568,5126.183977,3430.0,0,9.0,3.0,5.0,113.51,8.03,2014-11-03 04:59:04
528.210568,5126.183977,3430.0,0,9.0,3.0,4.0,115.0,7.74,2014-11-03 05:09:04
528.210191,5126.186338,3430.0,0,16.0,3.0,5.0,115.5,7.81,2014-11-03 05:19:04
528.204572,5126.170907,2940.0,0,8.0,3.0,4.0,117.38,7.65,2014-11-03 05:29:04
528.204446,5126.172595,4165.0,0,10.0,3.0,4.0,117.55,7.62,2014-11-03 05:39:05
528.205361,5126.176073,4410.0,0,7.0,3.0,4.0,116.34,7.86,2014-11-03 05:49:05
528.209191,5126.177496,4655.0,0,12.0,3.0,5.0,116.26,7.9,2014-11-03 05:59:05
528.206267,5126.179591,5145.0,0,15.0,3.0,4.0,116.22,7.86,2014-11-03 06:09:05
528.205182,5126.178599,7105.0,0,6.0,3.0,5.0,116.26,7.85,2014-11-03 06:19:05
528.206477,5126.180851,6125.0,0,10.0,3.0,4.0,114.66,8.03,2014-11-03 06:29:05
528.20755,5126.181003,5880.0,0,9.0,3.0,4.0,112.48,8.25,2014-11-03 06:39:05
528.210796,5126.177291,5635.0,0,7.0,3.0,4.0,111.08,8.36,2014-11-03 06:49:05
528.208633,5126.183317,5880.0,0,9.0,3.0,4.0,110.03,8.42,2014-11-03 06:59:05
528.209541,5126.174611,5880.0,0,12.0,3.0,4.0,108.32,8.52,2014-11-03 07:09:05
528.212929,5126.181654,5635.0,0,10.0,4.0,5.0,106.76,8.69,2014-11-03 07:19:05
528.212646,5126.180276,5145.0,0,10.0,3.0,6.0,104.94,8.84,2014-11-03 07:29:06
528.21346,5126.1799,5880.0,0,7.0,3.0,5.0,104.35,8.88,2014-11-03 07:39:06
528.215483,5126.180978,7350.0,0,9.0,3.0,4.0,103.95,8.85,2014-11-03 07:49:06
528.213468,5126.181303,7350.0,0,11.0,3.0,5.0,101.91,9.16,2014-11-03 07:59:06
528.214372,5126.181681,6615.0,0,11.0,3.0,4.0,99.5,9.45,2014-11-03 08:09:06
528.215405,5126.180125,3920.0,0,12.0,3.0,6.0,97.4,9.7,2014-11-03 08:19:06
528.215629,5126.18011,4655.0,0,9.0,3.0,5.0,98.86,9.6,2014-11-03 08:29:06
528.211265,5126.180652,3675.0,0,14.0,4.0,5.0,98.94,9.7,2014-11-03 08:39:06
528.210809,5126.180684,4655.0,0,11.0,3.0,6.0,98.48,9.75,2014-11-03 08:49:06
528.212779,5126.182478,8085.0,0,14.0,4.0,5.0,95.18,10.41,2014-11-03 08:59:06
528.213707,5126.180808,6860.0,0,12.0,3.0,5.0,93.95,10.55,2014-11-03 09:09:06
528.212468,5126.182963,5390.0,0,14.0,4.0,5.0,92.92,10.6,2014-11-03 09:19:07
528.212233,5126.183024,4165.0,0,9.0,3.0,5.0,93.08,10.36,2014-11-03 09:29:07
528.212233,5126.183024,3920.0,0,11.0,4.0,5.0,92.18,10.64,2014-11-03 09:39:07
528.211652,5126.181994,3675.0,0,12.0,4.0,5.0,91.96,10.46,2014-11-03 09:49:07
528.212013,5126.181474,3675.0,0,9.0,3.0,5.0,90.22,10.55,2014-11-03 09:59:07
528.211023,5126.177711,3675.0,0,9.0,3.0,5.0,88.72,10.81,2014-11-03 10:09:07
528.212727,5126.175452,2940.0,0,11.0,3.0,5.0,90.8,10.45,2014-11-03 10:19:07
528.211561,5126.181463,4165.0,0,12.0,3.0,5.0,90.51,10.65,2014-11-03 10:29:07
528.214716,5126.183463,6370.0,0,8.0,4.0,5.0,90.77,10.6,2014-11-03 10:39:07
528.212577,5126.180337,3430.0,0,12.0,3.0,5.0,90.02,10.82,2014-11-03 10:49:07
528.212577,5126.180337,7840.0,0,11.0,3.0,5.0,90.0,11.02,2014-11-03 10:59:07
528.212577,5126.180337,5145.0,0,10.0,4.0,6.0,90.43,11.01,2014-11-03 11:09:08
528.212577,5126.180337,5635.0,0,13.0,3.0,6.0,89.07,11.33,2014-11-03 11:19:08
528.212577,5126.180337,5880.0,0,15.0,3.0,5.0,87.26,11.48,2014-11-03 11:29:08
528.211816,5126.185781,4900.0,0,10.0,3.0,5.0,86.74,11.57,2014-11-03 11:39:08
528.214152,5126.182917,6615.0,0,10.0,3.0,5.0,85.43,11.67,2014-11-03 11:49:08
528.212389,5126.183624,5880.0,0,7.0,3.0,5.0,84.02,11.89,2014-11-03 11:59:08
528.212389,5126.183624,5390.0,0,10.0,3.0,4.0,83.78,12.07,2014-11-03 12:09:08
528.212389,5126.183624,7595.0,0,15.0,3.0,5.0,83.11,11.93,2014-11-03 12:19:08
528.212389,5126.183624,8330.0,0,7.0,3.0,4.0,81.68,12.03,2014-11-03 12:29:08
528.213578,5126.18232,5390.0,0,12.0,3.0,5.0,80.36,12.33,2014-11-03 12:39:08
528.215318,5126.18196,5145.0,0,8.0,3.0,4.0,78.75,12.57,2014-11-03 12:49:08
528.215998,5126.182142,6370.0,0,12.0,4.0,5.0,79.13,12.49,2014-11-03 12:59:09
528.215998,5126.182142,7840.0,0,16.0,3.0,5.0,79.38,12.57,2014-11-03 13:09:09
528.213265,5126.182843,7350.0,0,8.0,3.0,5.0,77.51,12.91,2014-11-03 13:19:09
528.213797,5126.182958,4655.0,0,7.0,3.0,4.0,77.11,12.76,2014-11-03 13:29:09
528.213698,5126.182801,7350.0,0,8.0,3.0,5.0,75.44,12.79,2014-11-03 13:39:09
528.213698,5126.182801,4900.0,0,12.0,3.0,4.0,74.84,12.61,2014-11-03 13:49:09
528.214159,5126.182664,4655.0,0,11.0,3.0,4.0,77.11,12.32,2014-11-03 13:59:09
528.214159,5126.182664,5390.0,0,10.0,3.0,4.0,76.99,12.49,2014-11-03 14:09:09
528.213215,5126.177713,5145.0,0,11.0,3.0,5.0,77.35,12.4,2014-11-03 14:19:09
528.213267,5126.18072,7595.0,0,10.0,3.0,4.0,76.72,12.35,2014-11-03 14:29:09
528.209826,5126.179666,7840.0,0,9.0,3.0,4.0,76.14,12.38,2014-11-03 14:39:09
528.207204,5126.181684,6860.0,0,9.0,3.0,4.0,75.76,12.33,2014-11-03 14:49:10
528.207198,5126.179089,7595.0,0,9.0,3.0,4.0,75.75,12.23,2014-11-03 14:59:10
528.206567,5126.179248,7105.0,0,8.0,3.0,4.0,75.41,12.19,2014-11-03 15:09:10
528.208395,5126.180923,5880.0,0,10.0,3.0,3.0,75.23,12.25,2014-11-03 15:19:10
528.206923,5126.180106,7105.0,0,8.0,3.0,4.0,75.98,12.23,2014-11-03 15:29:10
528.208978,5126.178888,10535.0,0,8.0,3.0,4.0,76.5,12.22,2014-11-03 15:39:10
528.208978,5126.178888,8085.0,0,11.0,3.0,3.0,77.97,12.07,2014-11-03 15:49:10
528.212662,5126.18045,9310.0,0,12.0,3.0,4.0,79.84,11.96,2014-11-03 15:59:10
528.211986,5126.177348,7840.0,0,8.0,3.0,3.0,80.63,11.98,2014-11-03 16:09:10
528.211986,5126.177348,7595.0,0,8.0,3.0,3.0,87.5,11.35,2014-11-03 16:19:10
528.211986,5126.177348,13965.0,0,8.0,3.0,3.0,98.21,10.67,2014-11-03 16:29:10
528.211986,5126.177348,9310.0,0,14.0,3.0,5.0,101.48,10.45,2014-11-03 16:39:11
528.211492,5126.183382,7105.0,0,7.0,3.0,4.0,97.79,10.67,2014-11-03 16:49:11
528.213915,5126.184026,7105.0,0,10.0,2.0,4.0,94.52,10.87,2014-11-03 16:59:11
528.213915,5126.184026,6370.0,0,6.0,2.0,3.0,91.46,10.89,2014-11-03 17:09:11
528.212455,5126.182174,5880.0,0,7.0,3.0,4.0,91.26,10.78,2014-11-03 17:19:11
528.212057,5126.180909,6370.0,0,9.0,4.0,4.0,88.94,10.87,2014-11-03 17:29:11
528.211158,5126.181642,6860.0,0,7.0,3.0,4.0,87.14,10.9,2014-11-03 17:39:11
528.211793,5126.1813,6860.0,0,8.0,4.0,5.0,96.31,10.12,2014-11-03 17:49:11
528.211566,5126.182081,8820.0,0,6.0,3.0,4.0,99.43,9.86,2014-11-03 17:59:11
528.211566,5126.182081,7595.0,0,8.0,3.0,4.0,104.02,9.92,2014-11-03 18:09:11
528.211566,5126.182081,9065.0,0,8.0,3.0,4.0,105.72,10.14,2014-11-03 18:19:11
528.211566,5126.182081,7595.0,0,11.0,3.0,5.0,109.42,9.81,2014-11-03 18:29:12
528.209031,5126.182392,8575.0,0,7.0,3.0,4.0,116.0,9.1,2014-11-03 18:39:12
528.209031,5126.182392,8820.0,0,7.0,3.0,4.0,121.79,8.58,2014-11-03 18:49:12
528.211998,5126.184696,12985.0,0,6.0,3.0,4.0,122.42,8.58,2014-11-03 18:59:12
528.211998,5126.184696,10290.0,0,8.0,3.0,4.0,121.6,8.84,2014-11-03 19:09:12
528.20724,5126.182163,9800.0,0,12.0,3.0,4.0,121.31,8.9,2014-11-03 19:19:12
528.20724,5126.182163,9800.0,0,7.0,3.0,5.0,120.46,8.88,2014-11-03 19:29:12
528.20724,5126.182163,12250.0,0,8.0,3.0,4.0,121.7,8.69,2014-11-03 19:39:12
528.20724,5126.182163,13720.0,0,9.0,5.0,5.0,119.04,8.98,2014-11-03 19:49:12
528.20724,5126.182163,9310.0,0,7.0,2.0,3.0,114.84,8.04,2014-11-03 19:59:12
528.20724,5126.182163,4900.0,0,5.0,2.0,3.0,108.61,8.52,2014-11-03 20:09:12
528.211233,5126.181716,5145.0,0,5.0,2.0,2.0,106.53,8.69,2014-11-03 20:19:13
528.210922,5126.181465,4900.0,0,7.0,2.0,2.0,103.49,9.1,2014-11-03 20:29:13
528.209522,5126.182553,5145.0,0,5.0,2.0,3.0,103.44,8.94,2014-11-03 20:39:13
528.209522,5126.182553,5145.0,0,4.0,2.0,2.0,105.26,8.58,2014-11-03 20:49:13
528.212806,5126.180572,4165.0,0,7.0,2.0,2.0,105.0,8.62,2014-11-03 20:59:13
528.212806,5126.180572,4410.0,0,8.0,2.0,2.0,101.87,9.11,2014-11-03 21:09:13
528.210391,5126.179654,5390.0,0,5.0,2.0,2.0,100.72,9.26,2014-11-03 21:19:13
528.210391,5126.179654,4165.0,0,5.0,2.0,2.0,99.45,9.45,2014-11-03 21:29:13
528.209523,5126.180518,4410.0,0,6.0,2.0,3.0,103.57,8.74,2014-11-03 21:39:13
528.208855,5126.180888,4165.0,0,5.0,2.0,2.0,103.14,8.9,2014-11-03 21:49:13
528.208724,5126.1811,4655.0,0,5.0,2.0,2.0,104.1,8.82,2014-11-03 21:59:13
528.209154,5126.181552,4655.0,0,6.0,2.0,2.0,105.1,8.62,2014-11-03 22:09:14
528.211335,5126.183335,3920.0,0,5.0,2.0,3.0,103.24,8.85,2014-11-03 22:19:14
528.211537,5126.182858,4165.0,0,5.0,2.0,3.0,105.73,8.52,2014-11-03 22:29:14
528.209516,5126.183397,4410.0,0,5.0,2.0,3.0,105.55,8.62,2014-11-03 22:39:14
528.209516,5126.183397,5145.0,0,7.0,2.0,3.0,105.7,8.66,2014-11-03 22:49:14
528.214264,5126.184939,5635.0,0,8.0,2.0,3.0,109.4,8.22,2014-11-03 22:59:14
528.216696,5126.183393,5145.0,0,6.0,2.0,3.0,116.94,7.31,2014-11-03 23:09:14
528.214232,5126.18596,6860.0,0,6.0,3.0,3.0,121.88,6.87,2014-11-03 23:19:14
528.214232,5126.18596,6860.0,0,6.0,3.0,3.0,121.88,6.87,2014-11-03 23:19:14
528.214085,5126.187701,6615.0,0,5.0,3.0,3.0,118.35,7.21,2014-11-03 23:29:14
528.214085,5126.187701,5880.0,0,7.0,2.0,3.0,116.42,7.21,2014-11-03 23:39:14
0.0,0.0,4900.0,0,10.0,2.0,3.0,112.25,7.61,2014-11-03 23:49:01
0.0,0.0,4900.0,0,5.0,2.0,2.0,108.56,7.89,2014-11-04 00:09:01
0.0,0.0,4165.0,0,8.0,2.0,2.0,111.83,7.26,2014-11-04 00:19:14
528.209402,5126.183843,4165.0,0,5.0,2.0,2.0,113.31,7.25,2014-11-04 00:29:14
528.209402,5126.183843,3920.0,0,6.0,2.0,3.0,110.13,7.61,2014-11-04 00:39:14
528.209402,5126.183843,4165.0,0,5.0,2.0,2.0,109.96,7.65,2014-11-04 00:49:15
528.209402,5126.183843,4165.0,0,6.0,2.0,2.0,111.65,7.29,2014-11-04 00:59:15
528.207982,5126.18072,3675.0,0,5.0,2.0,3.0,108.11,7.74,2014-11-04 01:09:15
528.211169,5126.181609,3675.0,0,5.0,2.0,2.0,110.7,7.12,2014-11-04 01:19:15
528.211169,5126.181609,3675.0,0,9.0,2.0,3.0,110.16,7.27,2014-11-04 01:29:15
528.211169,5126.181609,3675.0,0,6.0,2.0,3.0,108.87,7.54,2014-11-04 01:39:15
528.210475,5126.181839,3675.0,0,6.0,2.0,3.0,113.6,6.72,2014-11-04 01:49:15
528.203634,5126.180885,3675.0,0,7.0,2.0,3.0,115.55,6.73,2014-11-04 01:59:15
528.207115,5126.177599,3430.0,0,5.0,2.0,3.0,117.09,6.35,2014-11-04 02:09:15
528.210093,5126.179427,4165.0,0,9.0,2.0,3.0,121.05,5.86,2014-11-04 02:19:15
528.210093,5126.179427,4165.0,0,5.0,2.0,3.0,121.72,5.94,2014-11-04 02:29:15
528.214526,5126.181182,4165.0,0,8.0,2.0,3.0,119.11,6.29,2014-11-04 02:39:16
528.213949,5126.179726,3675.0,0,7.0,2.0,3.0,117.8,6.35,2014-11-04 02:49:16
528.210501,5126.176977,3675.0,0,7.0,2.0,3.0,115.45,6.81,2014-11-04 02:59:16
528.213345,5126.182689,3675.0,0,9.0,2.0,3.0,116.55,6.51,2014-11-04 03:09:16
528.213345,5126.182689,3430.0,0,7.0,2.0,2.0,118.76,6.3,2014-11-04 03:19:16
528.213345,5126.182689,3430.0,0,7.0,2.0,3.0,115.79,6.71,2014-11-04 03:29:16
528.211248,5126.181655,3185.0,0,6.0,2.0,3.0,113.53,6.89,2014-11-04 03:39:16
528.211248,5126.181655,3185.0,0,5.0,3.0,3.0,117.54,6.37,2014-11-04 03:49:16
528.211248,5126.181655,2940.0,0,5.0,3.0,3.0,114.85,6.84,2014-11-04 03:59:16
528.211248,5126.181655,3185.0,0,5.0,2.0,3.0,112.98,7.03,2014-11-04 04:09:16
528.211248,5126.181655,2940.0,0,7.0,3.0,4.0,112.88,7.06,2014-11-04 04:19:16
528.212915,5126.185473,3430.0,0,9.0,2.0,3.0,108.22,7.78,2014-11-04 04:29:17
528.212915,5126.185473,3675.0,0,7.0,3.0,3.0,107.51,7.83,2014-11-04 04:39:17
528.210947,5126.183524,4655.0,0,6.0,3.0,3.0,107.49,7.8,2014-11-04 04:49:17
528.211287,5126.185754,4165.0,0,5.0,3.0,3.0,109.88,7.44,2014-11-04 04:59:17
528.211064,5126.187288,4165.0,0,5.0,3.0,3.0,110.86,7.31,2014-11-04 05:09:17
528.20675,5126.179306,5145.0,0,8.0,3.0,3.0,110.17,7.41,2014-11-04 05:19:17
528.20675,5126.179306,5145.0,0,6.0,3.0,3.0,111.9,7.15,2014-11-04 05:29:17
528.20675,5126.179306,6370.0,0,7.0,3.0,4.0,111.88,7.18,2014-11-04 05:39:17
528.210402,5126.175462,6860.0,0,7.0,3.0,3.0,109.65,7.53,2014-11-04 05:49:17
528.206314,5126.18204,7350.0,0,7.0,3.0,4.0,112.09,7.14,2014-11-04 05:59:17
528.209153,5126.179591,7105.0,0,6.0,3.0,3.0,114.84,6.85,2014-11-04 06:09:17
528.2058,5126.179629,7105.0,0,7.0,3.0,4.0,119.96,5.99,2014-11-04 06:19:18
528.206711,5126.181123,10290.0,0,8.0,3.0,4.0,121.76,5.8,2014-11-04 06:29:18
528.205836,5126.180646,12985.0,0,7.0,3.0,4.0,118.58,6.31,2014-11-04 06:39:18
528.209168,5126.180762,13720.0,0,12.0,3.0,4.0,116.82,6.47,2014-11-04 06:49:18
528.207716,5126.180619,10045.0,0,8.0,3.0,3.0,119.6,6.16,2014-11-04 06:59:18
528.212002,5126.175564,19110.0,0,8.0,3.0,4.0,118.28,6.3,2014-11-04 07:09:18
528.213902,5126.180263,14945.0,0,7.0,3.0,3.0,122.92,5.66,2014-11-04 07:19:18
528.213678,5126.180495,14700.0,0,8.0,3.0,4.0,124.19,5.58,2014-11-04 07:29:18
528.213345,5126.179638,14700.0,0,7.0,3.0,4.0,124.5,5.7,2014-11-04 07:39:18
528.214986,5126.180936,13720.0,0,8.0,3.0,4.0,122.91,5.86,2014-11-04 07:49:18
528.215801,5126.181426,11515.0,0,6.0,3.0,4.0,121.32,6.03,2014-11-04 07:59:18
528.215323,5126.180303,9555.0,0,6.0,3.0,3.0,121.72,6.01,2014-11-04 08:09:19
528.216572,5126.178979,19600.0,0,11.0,3.0,4.0,117.69,6.67,2014-11-04 08:19:19
528.216145,5126.178508,23520.0,0,8.0,3.0,3.0,119.57,6.21,2014-11-04 08:29:19
528.211439,5126.179005,14945.0,0,7.0,3.0,4.0,121.37,6.12,2014-11-04 08:39:19
528.213459,5126.181836,12250.0,0,7.0,3.0,4.0,120.67,6.35,2014-11-04 08:49:19
528.21495,5126.184725,12250.0,0,9.0,3.0,4.0,121.56,6.13,2014-11-04 08:59:19
528.214832,5126.182198,12005.0,0,8.0,3.0,4.0,122.22,6.0,2014-11-04 09:09:19
528.214069,5126.184109,21560.0,0,7.0,3.0,4.0,118.32,6.65,2014-11-04 09:19:19
528.214168,5126.183259,10290.0,0,8.0,4.0,4.0,111.11,7.5,2014-11-04 09:29:19
528.213091,5126.182431,35525.0,0,7.0,3.0,4.0,112.31,7.32,2014-11-04 09:39:19
528.213095,5126.182002,16660.0,0,6.0,3.0,4.0,105.91,8.26,2014-11-04 09:49:19
528.213095,5126.182002,11270.0,0,8.0,3.0,4.0,104.82,8.16,2014-11-04 09:59:20
528.214868,5126.180213,12495.0,0,9.0,3.0,5.0,104.78,8.15,2014-11-04 10:09:20
528.210381,5126.179085,11270.0,0,8.0,3.0,4.0,102.98,8.49,2014-11-04 10:19:20
528.210585,5126.181543,9310.0,0,9.0,3.0,4.0,99.14,8.99,2014-11-04 10:29:20
528.210002,5126.180702,8330.0,0,7.0,3.0,4.0,100.92,8.55,2014-11-04 10:39:20
528.210002,5126.180702,9065.0,0,7.0,3.0,3.0,97.03,9.15,2014-11-04 10:49:20
528.210002,5126.180702,13965.0,0,9.0,3.0,4.0,96.62,9.18,2014-11-04 10:59:20
528.210002,5126.180702,15190.0,0,12.0,3.0,4.0,94.4,9.34,2014-11-04 11:09:20
528.210002,5126.180702,10290.0,0,12.0,3.0,4.0,92.62,9.58,2014-11-04 11:19:20
528.210002,5126.180702,8575.0,0,14.0,3.0,5.0,92.77,9.54,2014-11-04 11:29:20
528.215262,5126.186312,9800.0,0,8.0,3.0,4.0,91.77,9.47,2014-11-04 11:39:20
528.214241,5126.18192,12250.0,0,8.0,3.0,4.0,89.47,9.87,2014-11-04 11:49:21
528.214241,5126.18192,6860.0,0,10.0,3.0,5.0,91.15,9.4,2014-11-04 11:59:21
528.214241,5126.18192,9065.0,0,11.0,3.0,4.0,95.32,9.15,2014-11-04 12:09:21
528.214241,5126.18192,9065.0,0,7.0,3.0,5.0,94.36,9.14,2014-11-04 12:19:21
528.214878,5126.182392,9065.0,0,10.0,3.0,5.0,96.31,8.61,2014-11-04 12:29:21
528.214878,5126.182392,8820.0,0,8.0,3.0,5.0,97.42,8.34,2014-11-04 12:39:21
528.214878,5126.182392,12495.0,0,15.0,3.0,4.0,96.6,8.67,2014-11-04 12:49:21
528.218822,5126.184301,11270.0,0,9.0,3.0,5.0,96.25,8.73,2014-11-04 12:59:21
528.218822,5126.184301,12740.0,0,12.0,3.0,5.0,96.72,8.78,2014-11-04 13:09:21
528.208646,5126.17707,14455.0,0,9.0,3.0,4.0,94.84,8.98,2014-11-04 13:19:21
528.210589,5126.18033,15435.0,0,13.0,3.0,4.0,95.23,8.86,2014-11-04 13:29:21
528.210589,5126.18033,14210.0,0,11.0,3.0,5.0,97.21,8.79,2014-11-04 13:39:22
528.210589,5126.18033,11270.0,0,8.0,3.0,4.0,95.28,9.22,2014-11-04 13:49:22
528.210589,5126.18033,19355.0,0,10.0,3.0,5.0,95.49,9.04,2014-11-04 13:59:22
528.216303,5126.180453,33810.0,0,12.0,3.0,4.0,94.19,9.03,2014-11-04 14:09:22
528.215304,5126.179762,12005.0,0,7.0,3.0,4.0,96.41,8.43,2014-11-04 14:19:22
528.210896,5126.178768,13720.0,0,8.0,3.0,4.0,97.06,8.33,2014-11-04 14:29:22
528.210668,5126.180797,21315.0,0,13.0,3.0,4.0,96.88,8.37,2014-11-04 14:39:22
528.209236,5126.179881,14945.0,0,11.0,3.0,3.0,94.54,8.74,2014-11-04 14:49:22
528.207828,5126.178741,12740.0,0,11.0,3.0,4.0,96.32,8.52,2014-11-04 14:59:22
528.205708,5126.177458,36995.0,0,10.0,3.0,4.0,94.22,9.0,2014-11-04 15:09:22
528.208621,5126.178201,36260.0,0,9.0,3.0,4.0,94.83,8.87,2014-11-04 15:19:22
528.208621,5126.178201,22295.0,0,9.0,3.0,4.0,96.15,8.7,2014-11-04 15:29:23
528.208621,5126.178201,15190.0,0,9.0,3.0,4.0,95.12,8.93,2014-11-04 15:39:23
528.212609,5126.177421,19110.0,0,9.0,3.0,4.0,95.61,8.76,2014-11-04 15:49:23
528.213573,5126.180275,19845.0,0,10.0,3.0,4.0,97.19,8.51,2014-11-04 15:59:23
528.213573,5126.180275,19845.0,0,8.0,3.0,4.0,99.24,8.2,2014-11-04 16:09:23
528.212594,5126.176896,24010.0,0,9.0,3.0,4.0,99.8,8.14,2014-11-04 16:19:23
528.212096,5126.178332,23765.0,0,9.0,3.0,4.0,98.19,8.5,2014-11-04 16:29:23
528.212096,5126.178332,16660.0,0,12.0,3.0,4.0,97.8,8.64,2014-11-04 16:39:23
528.212096,5126.178332,21315.0,0,14.0,4.0,5.0,98.42,8.68,2014-11-04 16:49:23
528.213104,5126.184038,62720.0,0,12.0,5.0,7.0,96.61,9.06,2014-11-04 16:59:23
528.213104,5126.184038,25235.0,0,10.0,4.0,6.0,94.44,9.39,2014-11-04 17:09:23
528.214081,5126.182905,20580.0,0,13.0,5.0,7.0,94.15,9.44,2014-11-04 17:19:24
528.212518,5126.182154,20335.0,0,15.0,5.0,7.0,95.75,9.04,2014-11-04 17:29:24
528.213516,5126.181005,21070.0,0,12.0,5.0,7.0,98.14,8.58,2014-11-04 17:39:24
528.213516,5126.181005,18130.0,0,12.0,4.0,5.0,98.15,8.55,2014-11-04 17:49:24
528.212967,5126.180264,17885.0,0,14.0,4.0,6.0,97.87,8.63,2014-11-04 17:59:24
528.214348,5126.180076,22295.0,0,18.0,5.0,6.0,98.37,8.51,2014-11-04 18:09:24
528.214348,5126.180076,26950.0,0,12.0,5.0,6.0,97.95,8.57,2014-11-04 18:19:24
528.214348,5126.180076,22785.0,0,14.0,5.0,7.0,97.91,8.39,2014-11-04 18:29:24
528.214348,5126.180076,17395.0,0,13.0,6.0,7.0,97.54,8.5,2014-11-04 18:39:24
528.210461,5126.184952,18865.0,0,12.0,6.0,8.0,96.69,8.56,2014-11-04 18:49:24
528.211204,5126.185132,20580.0,0,18.0,7.0,9.0,98.65,8.2,2014-11-04 18:59:24
528.211204,5126.185132,19845.0,0,13.0,5.0,7.0,98.84,8.13,2014-11-04 19:09:25
528.211204,5126.185132,23765.0,0,15.0,6.0,8.0,100.71,7.77,2014-11-04 19:19:25
528.211204,5126.185132,23275.0,0,22.0,5.0,8.0,99.27,7.99,2014-11-04 19:29:25
528.211204,5126.185132,21560.0,0,14.0,6.0,8.0,98.55,8.01,2014-11-04 19:39:25
528.211204,5126.185132,18865.0,0,14.0,6.0,7.0,98.87,7.96,2014-11-04 19:49:25
528.211204,5126.185132,36995.0,0,16.0,6.0,9.0,98.72,7.93,2014-11-04 19:59:25
528.212108,5126.182589,36995.0,0,18.0,8.0,9.0,99.09,7.84,2014-11-04 20:09:25
528.211328,5126.181616,32585.0,0,15.0,8.0,9.0,99.04,7.84,2014-11-04 20:19:25
528.211199,5126.180711,26215.0,0,18.0,7.0,9.0,98.66,7.79,2014-11-04 20:29:25
528.211199,5126.180711,23520.0,0,13.0,6.0,7.0,100.03,7.49,2014-11-04 20:39:25
528.211199,5126.180711,18865.0,0,13.0,5.0,8.0,99.97,7.47,2014-11-04 20:49:25
528.211199,5126.180711,19110.0,0,14.0,6.0,8.0,99.47,7.49,2014-11-04 20:59:26
528.211199,5126.180711,25480.0,0,13.0,7.0,10.0,99.52,7.47,2014-11-04 21:09:26
528.211199,5126.180711,32340.0,0,23.0,7.0,10.0,99.48,7.44,2014-11-04 21:19:26
528.212293,5126.183214,32095.0,0,16.0,8.0,10.0,99.16,7.44,2014-11-04 21:29:26
528.210447,5126.176304,24500.0,0,14.0,7.0,10.0,99.1,7.39,2014-11-04 21:39:26
528.210233,5126.182462,18130.0,0,14.0,8.0,10.0,99.54,7.31,2014-11-04 21:49:26
528.209876,5126.182242,24010.0,0,14.0,8.0,9.0,99.88,7.23,2014-11-04 21:59:26
528.211865,5126.183675,20335.0,0,18.0,6.0,8.0,101.98,6.91,2014-11-04 22:09:26
528.212784,5126.181786,14945.0,0,15.0,6.0,8.0,104.4,6.52,2014-11-04 22:19:26
528.214617,5126.181528,13720.0,0,15.0,6.0,7.0,104.94,6.39,2014-11-04 22:29:26
528.214617,5126.181528,14455.0,0,22.0,6.0,9.0,103.93,6.6,2014-11-04 22:39:27
528.214617,5126.181528,18865.0,0,13.0,7.0,9.0,102.93,6.69,2014-11-04 22:49:27
528.214617,5126.181528,18130.0,0,13.0,6.0,8.0,103.48,6.58,2014-11-04 22:59:27
528.214617,5126.181528,16170.0,0,17.0,6.0,8.0,103.52,6.48,2014-11-04 23:09:27
528.211271,5126.184221,18865.0,0,11.0,6.0,7.0,103.67,6.41,2014-11-04 23:19:27
528.214123,5126.18646,17885.0,0,14.0,5.0,7.0,104.39,6.21,2014-11-04 23:29:27
528.213211,5126.183695,14945.0,0,13.0,5.0,8.0,104.39,6.18,2014-11-04 23:39:27
528.213303,5126.182779,14700.0,0,17.0,5.0,7.0,107.09,5.72,2014-11-04 23:49:27
528.214024,5126.184021,13720.0,0,11.0,5.0,7.0,106.23,5.92,2014-11-04 23:59:27
528.214024,5126.184021,13475.0,0,10.0,5.0,7.0,104.22,6.06,2014-11-05 00:09:27
528.214024,5126.184021,12985.0,0,12.0,5.0,7.0,103.56,6.05,2014-11-05 00:19:27
528.214024,5126.184021,12985.0,0,14.0,5.0,6.0,103.95,5.87,2014-11-05 00:29:28
528.21095,5126.184696,12740.0,0,12.0,6.0,7.0,103.92,5.88,2014-11-05 00:39:28
528.21095,5126.184696,12005.0,0,11.0,6.0,7.0,104.62,5.81,2014-11-05 00:49:28
528.21095,5126.184696,13230.0,0,18.0,6.0,8.0,105.56,5.66,2014-11-05 00:59:28
528.21095,5126.184696,13230.0,0,11.0,5.0,7.0,107.14,5.52,2014-11-05 01:09:28
528.216252,5126.183471,12250.0,0,18.0,5.0,7.0,108.64,5.26,2014-11-05 01:19:28
528.216252,5126.183471,11025.0,0,11.0,5.0,6.0,105.71,5.63,2014-11-05 01:29:28
528.215336,5126.183664,10535.0,0,12.0,6.0,7.0,106.91,5.38,2014-11-05 01:39:28
528.209776,5126.178947,12005.0,0,11.0,5.0,7.0,113.71,4.42,2014-11-05 01:49:28
528.209776,5126.178947,13475.0,0,15.0,5.0,7.0,110.21,4.94,2014-11-05 01:59:28
528.209776,5126.178947,12250.0,0,12.0,5.0,7.0,106.06,5.4,2014-11-05 02:09:28
528.213236,5126.17399,10535.0,0,11.0,5.0,7.0,105.16,5.42,2014-11-05 02:19:29
528.213236,5126.17399,11025.0,0,11.0,6.0,7.0,104.68,5.34,2014-11-05 02:29:29
528.213236,5126.17399,12005.0,0,12.0,5.0,7.0,105.36,5.2,2014-11-05 02:39:29
528.213236,5126.17399,12250.0,0,11.0,5.0,6.0,105.9,5.02,2014-11-05 02:49:29
528.213236,5126.17399,12495.0,0,15.0,6.0,7.0,109.03,4.74,2014-11-05 02:59:29
528.211772,5126.184196,10780.0,0,13.0,5.0,7.0,112.38,4.37,2014-11-05 03:09:29
528.2124,5126.183347,12740.0,0,12.0,5.0,7.0,112.79,4.24,2014-11-05 03:19:29
528.212741,5126.182946,13720.0,0,16.0,6.0,7.0,112.22,4.22,2014-11-05 03:29:29
528.212413,5126.183006,12250.0,0,13.0,6.0,8.0,110.5,4.36,2014-11-05 03:39:29
528.213055,5126.183923,13720.0,0,11.0,5.0,7.0,109.49,4.44,2014-11-05 03:49:29
528.213192,5126.183066,11270.0,0,12.0,5.0,6.0,107.56,4.52,2014-11-05 03:59:29
528.213192,5126.183066,11515.0,0,12.0,5.0,6.0,108.11,4.36,2014-11-05 04:09:30
528.213192,5126.183066,11515.0,0,14.0,5.0,7.0,107.92,4.33,2014-11-05 04:19:30
528.213192,5126.183066,11760.0,0,14.0,5.0,7.0,109.63,4.07,2014-11-05 04:29:30
528.213192,5126.183066,10780.0,0,12.0,5.0,6.0,108.29,4.12,2014-11-05 04:39:30
528.211072,5126.185417,11270.0,0,11.0,5.0,7.0,106.97,4.18,2014-11-05 04:49:30
528.209837,5126.184212,18620.0,0,13.0,5.0,6.0,107.91,3.94,2014-11-05 04:59:30
528.209837,5126.184212,25235.0,0,15.0,5.0,6.0,113.73,3.23,2014-11-05 05:09:30
528.207243,5126.18304,12985.0,0,12.0,6.0,7.0,111.76,3.55,2014-11-05 05:19:30
528.208087,5126.184638,12005.0,0,12.0,5.0,7.0,112.0,3.49,2014-11-05 05:29:30
528.208087,5126.184638,11760.0,0,20.0,5.0,7.0,111.02,3.53,2014-11-05 05:39:30
528.207393,5126.170954,14700.0,0,12.0,5.0,7.0,117.56,2.79,2014-11-05 05:49:30
528.207423,5126.1792,16415.0,0,12.0,6.0,7.0,116.16,3.14,2014-11-05 05:59:31
528.206681,5126.177856,21315.0,0,14.0,6.0,8.0,113.01,3.49,2014-11-05 06:09:31
528.204561,5126.178826,28175.0,0,13.0,5.0,7.0,113.37,3.3,2014-11-05 06:19:31
528.205555,5126.180278,18865.0,0,12.0,6.0,8.0,115.3,2.91,2014-11-05 06:29:31
528.210311,5126.178729,19110.0,0,11.0,5.0,7.0,119.82,2.41,2014-11-05 06:39:31
528.205005,5126.181978,18620.0,0,15.0,5.0,7.0,118.76,2.76,2014-11-05 06:49:31
528.208225,5126.179325,21805.0,0,18.0,6.0,7.0,114.18,3.25,2014-11-05 06:59:31
528.210759,5126.180323,29400.0,0,15.0,6.0,8.0,112.26,3.55,2014-11-05 07:09:31
528.21274,5126.179815,34300.0,0,13.0,6.0,7.0,111.14,3.72,2014-11-05 07:19:31
528.213289,5126.178976,32095.0,0,11.0,6.0,8.0,110.79,3.94,2014-11-05 07:29:31
528.214653,5126.181053,22785.0,0,15.0,5.0,7.0,110.48,4.12,2014-11-05 07:39:31
528.212895,5126.181025,22295.0,0,14.0,6.0,7.0,111.32,4.1,2014-11-05 07:49:32
528.213415,5126.181779,20580.0,0,11.0,6.0,8.0,110.1,4.3,2014-11-05 07:59:32
528.213648,5126.182235,34790.0,0,15.0,7.0,9.0,110.38,4.3,2014-11-05 08:09:32
528.213648,5126.182235,22540.0,0,17.0,7.0,10.0,115.58,3.64,2014-11-05 08:19:32
528.213648,5126.182235,20580.0,0,17.0,5.0,7.0,118.37,3.71,2014-11-05 08:29:32
528.212469,5126.181971,18865.0,0,13.0,6.0,8.0,112.02,4.51,2014-11-05 08:39:32
528.212605,5126.183029,20090.0,0,13.0,6.0,8.0,108.5,5.04,2014-11-05 08:49:32
528.213546,5126.182506,27685.0,0,11.0,6.0,8.0,100.8,6.37,2014-11-05 08:59:32
528.21319,5126.183823,31360.0,0,15.0,6.0,8.0,100.13,6.46,2014-11-05 09:09:32
528.212568,5126.183364,32340.0,0,20.0,6.0,7.0,99.72,6.45,2014-11-05 09:19:32
528.212568,5126.183364,42140.0,0,14.0,7.0,9.0,103.84,5.88,2014-11-05 09:29:32
528.212568,5126.183364,41405.0,0,19.0,6.0,9.0,101.65,6.47,2014-11-05 09:39:33
528.212568,5126.183364,28910.0,0,16.0,7.0,9.0,100.83,6.77,2014-11-05 09:49:33
528.211479,5126.179687,21315.0,0,17.0,7.0,10.0,100.2,7.08,2014-11-05 09:59:33
528.212505,5126.178718,19845.0,0,19.0,9.0,12.0,101.23,6.83,2014-11-05 10:09:33
528.209201,5126.182173,16415.0,0,17.0,9.0,11.0,109.16,5.66,2014-11-05 10:19:33
528.20987,5126.182137,16905.0,0,18.0,12.0,14.0,101.82,6.42,2014-11-05 10:29:33
528.213408,5126.18257,11760.0,0,19.0,13.0,15.0,101.56,5.99,2014-11-05 10:39:33
528.213408,5126.18257,13720.0,0,18.0,13.0,14.0,107.65,4.87,2014-11-05 10:49:33
528.212632,5126.182923,10780.0,0,18.0,14.0,18.0,106.12,5.08,2014-11-05 10:59:33
528.212632,5126.182923,10290.0,0,22.0,15.0,17.0,107.35,4.97,2014-11-05 11:09:33
528.212632,5126.182923,12985.0,0,24.0,17.0,20.0,105.79,5.34,2014-11-05 11:19:33
528.213675,5126.182981,12495.0,0,26.0,17.0,21.0,104.82,5.63,2014-11-05 11:29:34
528.214049,5126.183513,11760.0,0,27.0,19.0,22.0,106.5,5.52,2014-11-05 11:39:34
528.214482,5126.185058,14455.0,0,31.0,19.0,25.0,105.83,5.8,2014-11-05 11:49:34
528.211286,5126.183983,15190.0,0,29.0,19.0,24.0,105.66,5.97,2014-11-05 11:59:34
528.211286,5126.183983,14210.0,0,29.0,19.0,23.0,107.26,5.72,2014-11-05 12:09:34
528.211286,5126.183983,13720.0,0,29.0,18.0,24.0,107.66,5.76,2014-11-05 12:19:34
528.212821,5126.180883,15435.0,0,29.0,19.0,24.0,105.85,6.15,2014-11-05 12:29:34
528.211946,5126.181113,17150.0,0,25.0,16.0,20.0,102.63,6.66,2014-11-05 12:39:34
528.214254,5126.183492,13720.0,0,21.0,14.0,17.0,99.24,7.32,2014-11-05 12:49:34
528.212852,5126.18129,12985.0,0,23.0,14.0,16.0,101.92,6.65,2014-11-05 12:59:34
528.212532,5126.181555,15680.0,0,24.0,14.0,17.0,100.25,7.08,2014-11-05 13:09:34
528.206737,5126.179622,13475.0,0,20.0,11.0,13.0,99.24,7.32,2014-11-05 13:19:35
528.207983,5126.180087,15680.0,0,25.0,11.0,14.0,102.13,6.87,2014-11-05 13:29:35
528.207983,5126.180087,15435.0,0,24.0,11.0,13.0,100.22,7.36,2014-11-05 13:39:35
528.21637,5126.180929,15925.0,0,18.0,10.0,13.0,96.1,8.14,2014-11-05 13:49:35
528.213983,5126.178746,17640.0,0,21.0,10.0,13.0,94.56,8.21,2014-11-05 13:59:35
528.213006,5126.177177,14945.0,0,15.0,10.0,11.0,91.63,8.62,2014-11-05 14:09:35
528.213006,5126.177177,14945.0,0,22.0,10.0,11.0,89.82,8.88,2014-11-05 14:19:35
528.210608,5126.17809,12740.0,0,16.0,8.0,10.0,91.4,8.54,2014-11-05 14:29:35
528.209889,5126.179046,14455.0,0,19.0,8.0,10.0,86.62,9.38,2014-11-05 14:39:35
528.208185,5126.179759,15190.0,0,16.0,7.0,9.0,84.4,9.45,2014-11-05 14:49:35
528.205546,5126.177168,10780.0,0,15.0,7.0,9.0,84.16,9.21,2014-11-05 14:59:35
528.208445,5126.179765,10780.0,0,14.0,7.0,8.0,83.08,9.2,2014-11-05 15:09:36
528.205844,5126.17733,12495.0,0,16.0,6.0,8.0,81.21,9.6,2014-11-05 15:19:36
528.208636,5126.177917,11025.0,0,12.0,7.0,8.0,80.95,9.59,2014-11-05 15:29:36
528.210751,5126.177628,9310.0,0,14.0,6.0,7.0,79.88,9.63,2014-11-05 15:39:36
528.210751,5126.177628,11270.0,0,10.0,6.0,7.0,80.71,9.39,2014-11-05 15:49:36
528.216798,5126.176151,9065.0,0,12.0,6.0,8.0,83.09,8.91,2014-11-05 15:59:36
528.216798,5126.176151,11760.0,0,12.0,6.0,8.0,84.8,8.63,2014-11-05 16:09:36
528.213189,5126.17833,14210.0,0,17.0,8.0,9.0,86.76,8.37,2014-11-05 16:19:36
528.212586,5126.183395,23765.0,0,14.0,7.0,10.0,88.38,8.21,2014-11-05 16:29:36
528.212586,5126.183395,22540.0,0,13.0,7.0,9.0,90.15,8.14,2014-11-05 16:39:36
528.212586,5126.183395,25480.0,0,20.0,9.0,11.0,90.38,8.3,2014-11-05 16:49:36
528.212586,5126.183395,32095.0,0,21.0,8.0,10.0,91.78,8.21,2014-11-05 16:59:37
528.212758,5126.18205,41895.0,0,18.0,9.0,11.0,107.07,6.42,2014-11-05 17:09:37
528.211537,5126.181353,36505.0,0,13.0,8.0,9.0,100.24,7.62,2014-11-05 17:19:37
528.211598,5126.181971,20580.0,0,15.0,8.0,10.0,105.58,6.54,2014-11-05 17:29:37
528.211019,5126.180717,22295.0,0,19.0,8.0,10.0,109.6,5.95,2014-11-05 17:39:37
528.211019,5126.180717,19600.0,0,17.0,8.0,10.0,109.62,6.06,2014-11-05 17:49:37
528.211019,5126.180717,19845.0,0,16.0,8.0,10.0,108.05,6.06,2014-11-05 17:59:37
528.211818,5126.181942,20825.0,0,16.0,7.0,9.0,108.78,5.97,2014-11-05 18:09:37
528.21151,5126.18329,23520.0,0,13.0,7.0,10.0,102.62,6.79,2014-11-05 18:19:37
528.21151,5126.18329,43120.0,0,22.0,10.0,12.0,100.91,6.88,2014-11-05 18:29:37
528.209438,5126.183152,26215.0,0,17.0,9.0,12.0,101.26,6.64,2014-11-05 18:39:37
528.210464,5126.185767,25480.0,0,17.0,9.0,12.0,105.08,6.17,2014-11-05 18:49:38
528.21155,5126.185012,35035.0,0,16.0,8.0,9.0,104.48,6.1,2014-11-05 18:59:38
528.21155,5126.185012,27195.0,0,14.0,8.0,10.0,104.7,5.84,2014-11-05 19:09:38
528.21155,5126.185012,23275.0,0,18.0,10.0,12.0,105.7,5.56,2014-11-05 19:19:38
528.21155,5126.185012,25725.0,0,16.0,9.0,11.0,108.94,5.09,2014-11-05 19:29:38
528.207884,5126.183187,28665.0,0,16.0,8.0,10.0,105.21,5.38,2014-11-05 19:39:38
528.207884,5126.183187,29400.0,0,15.0,8.0,9.0,104.85,5.14,2014-11-05 19:49:38
528.207884,5126.183187,26215.0,0,13.0,8.0,9.0,106.56,4.74,2014-11-05 19:59:38
528.211375,5126.182293,20825.0,0,17.0,7.0,9.0,103.98,4.87,2014-11-05 20:09:38
528.21037,5126.181718,18865.0,0,14.0,7.0,9.0,108.58,4.09,2014-11-05 20:19:38
528.209759,5126.182394,22050.0,0,11.0,7.0,8.0,106.67,4.32,2014-11-05 20:29:38
528.209356,5126.181223,22540.0,0,16.0,7.0,9.0,106.9,4.18,2014-11-05 20:39:39
528.209356,5126.181223,25235.0,0,12.0,7.0,8.0,108.64,3.84,2014-11-05 20:49:39
528.211537,5126.18055,33320.0,0,15.0,8.0,9.0,106.48,4.08,2014-11-05 20:59:39
528.211537,5126.18055,25725.0,0,14.0,9.0,10.0,105.54,4.06,2014-11-05 21:09:39
528.211537,5126.18055,25480.0,0,14.0,8.0,10.0,108.55,3.56,2014-11-05 21:19:39
528.211537,5126.18055,24990.0,0,13.0,9.0,10.0,112.29,2.97,2014-11-05 21:29:39
528.211537,5126.18055,26950.0,0,15.0,9.0,10.0,108.45,3.49,2014-11-05 21:39:39
528.209181,5126.181732,25970.0,0,16.0,9.0,11.0,106.04,3.67,2014-11-05 21:49:39
528.209135,5126.18347,41650.0,0,12.0,8.0,9.0,106.82,3.36,2014-11-05 21:59:39
528.211204,5126.184785,34545.0,0,12.0,7.0,9.0,109.26,2.81,2014-11-05 22:09:39
528.212373,5126.182405,17395.0,0,13.0,6.0,8.0,109.58,2.75,2014-11-05 22:19:39
528.211202,5126.18307,19845.0,0,14.0,8.0,10.0,105.08,3.43,2014-11-05 22:29:40
528.211202,5126.18307,21070.0,0,16.0,9.0,11.0,104.12,3.56,2014-11-05 22:39:40
528.211202,5126.18307,18620.0,0,14.0,9.0,11.0,104.24,3.51,2014-11-05 22:49:40
528.211202,5126.18307,17395.0,0,12.0,8.0,9.0,105.14,3.25,2014-11-05 22:59:40
528.211202,5126.18307,22295.0,0,13.0,8.0,9.0,104.35,3.33,2014-11-05 23:09:40
528.212505,5126.185975,33565.0,0,15.0,8.0,11.0,104.18,3.27,2014-11-05 23:19:40
528.215913,5126.185989,20090.0,0,14.0,7.0,8.0,103.58,3.24,2014-11-05 23:29:40
528.214717,5126.185242,15190.0,0,13.0,7.0,8.0,105.41,3.01,2014-11-05 23:39:40
528.213259,5126.183266,15190.0,0,11.0,7.0,8.0,105.35,3.12,2014-11-05 23:49:40
528.213922,5126.184861,13475.0,0,12.0,6.0,8.0,105.18,3.41,2014-11-05 23:59:40
528.213922,5126.184861,13965.0,0,12.0,7.0,8.0,104.45,3.68,2014-11-06 00:09:40
528.214268,5126.185944,14455.0,0,11.0,7.0,7.0,104.46,3.76,2014-11-06 00:19:41
528.214268,5126.185944,13720.0,0,14.0,7.0,8.0,104.86,3.49,2014-11-06 00:29:41
528.214268,5126.185944,13720.0,0,12.0,6.0,8.0,107.73,3.17,2014-11-06 00:39:41
528.214268,5126.185944,13230.0,0,11.0,7.0,7.0,106.14,3.31,2014-11-06 00:49:41
528.211331,5126.180702,13720.0,0,11.0,6.0,8.0,111.79,2.37,2014-11-06 00:59:41
528.211331,5126.180702,14700.0,0,13.0,6.0,7.0,114.88,1.91,2014-11-06 01:09:41
528.215053,5126.184185,12495.0,0,14.0,6.0,8.0,110.1,2.63,2014-11-06 01:19:41
528.215022,5126.183653,12005.0,0,15.0,6.0,8.0,108.68,2.71,2014-11-06 01:29:41
528.215022,5126.183653,12740.0,0,13.0,6.0,8.0,108.78,2.71,2014-11-06 01:39:41
528.202551,5126.183289,13720.0,0,11.0,6.0,7.0,110.23,2.51,2014-11-06 01:49:41
528.204242,5126.178284,15190.0,0,13.0,6.0,8.0,109.03,2.78,2014-11-06 01:59:41
528.204242,5126.178284,12250.0,0,15.0,6.0,8.0,106.75,3.02,2014-11-06 02:09:42
528.208613,5126.180478,12250.0,0,14.0,6.0,8.0,105.26,3.2,2014-11-06 02:19:42
528.208613,5126.180478,12005.0,0,12.0,7.0,8.0,106.43,3.0,2014-11-06 02:29:42
528.208613,5126.180478,11025.0,0,14.0,6.0,7.0,110.05,2.43,2014-11-06 02:39:42
528.211806,5126.180127,10780.0,0,10.0,6.0,7.0,106.66,3.12,2014-11-06 02:49:42
528.211806,5126.180127,10290.0,0,11.0,6.0,8.0,107.94,3.05,2014-11-06 02:59:42
528.211806,5126.180127,10045.0,0,12.0,6.0,8.0,107.38,3.15,2014-11-06 03:09:42
528.211806,5126.180127,10045.0,0,11.0,6.0,7.0,108.71,3.19,2014-11-06 03:19:42
528.211806,5126.180127,10290.0,0,13.0,6.0,7.0,106.37,3.53,2014-11-06 03:29:42
528.212575,5126.184461,10535.0,0,11.0,6.0,8.0,107.2,3.53,2014-11-06 03:39:42
528.212575,5126.184461,11270.0,0,11.0,7.0,7.0,107.17,3.64,2014-11-06 03:49:42
528.212834,5126.184388,10535.0,0,11.0,6.0,8.0,111.1,2.96,2014-11-06 03:59:43
528.213113,5126.18498,10780.0,0,10.0,6.0,8.0,113.72,2.76,2014-11-06 04:09:43
528.213486,5126.185301,13475.0,0,16.0,6.0,8.0,113.96,2.78,2014-11-06 04:19:43
528.213486,5126.185301,11760.0,0,14.0,7.0,8.0,108.19,3.53,2014-11-06 04:29:43
528.213209,5126.184778,12005.0,0,10.0,7.0,7.0,105.73,3.65,2014-11-06 04:39:43
528.212154,5126.188416,12985.0,0,13.0,7.0,8.0,111.23,2.69,2014-11-06 04:49:43
528.210388,5126.187285,12495.0,0,11.0,6.0,8.0,118.43,2.11,2014-11-06 04:59:43
528.208311,5126.186339,13720.0,0,11.0,6.0,7.0,117.46,2.35,2014-11-06 05:09:43
528.208311,5126.186339,17150.0,0,12.0,7.0,8.0,112.54,2.94,2014-11-06 05:19:43
528.208311,5126.186339,15190.0,0,12.0,7.0,8.0,111.3,3.14,2014-11-06 05:29:43
528.208949,5126.169854,13720.0,0,13.0,7.0,8.0,110.12,3.55,2014-11-06 05:39:43
528.206845,5126.181168,16905.0,0,11.0,6.0,8.0,108.57,3.84,2014-11-06 05:49:44
528.208851,5126.179474,17885.0,0,13.0,7.0,8.0,109.57,3.82,2014-11-06 05:59:44
528.205679,5126.179719,15435.0,0,12.0,7.0,8.0,108.47,4.2,2014-11-06 06:09:44
528.20671,5126.180497,16905.0,0,19.0,8.0,10.0,109.22,4.26,2014-11-06 06:19:44
528.20671,5126.180497,19110.0,0,20.0,9.0,11.0,109.92,4.32,2014-11-06 06:29:44
528.20778,5126.180692,17640.0,0,24.0,9.0,12.0,108.18,4.66,2014-11-06 06:39:44
528.208797,5126.18228,17150.0,0,17.0,9.0,11.0,108.78,4.55,2014-11-06 06:49:44
528.20913,5126.179152,14455.0,0,15.0,10.0,11.0,108.16,4.57,2014-11-06 06:59:44
528.211012,5126.181731,31360.0,0,17.0,10.0,12.0,108.26,4.51,2014-11-06 07:09:44
528.21253,5126.179715,20335.0,0,15.0,9.0,11.0,110.77,3.97,2014-11-06 07:19:44
528.21251,5126.179516,15190.0,0,15.0,9.0,11.0,109.08,4.32,2014-11-06 07:29:44
528.214158,5126.181004,17395.0,0,15.0,10.0,11.0,109.8,4.1,2014-11-06 07:39:45
528.214786,5126.182799,37485.0,0,16.0,10.0,11.0,110.22,3.95,2014-11-06 07:49:45
528.2135,5126.182276,28420.0,0,15.0,10.0,11.0,110.86,3.89,2014-11-06 07:59:45
528.212884,5126.182419,16170.0,0,16.0,10.0,11.0,107.6,4.27,2014-11-06 08:09:45
528.216095,5126.183558,13965.0,0,16.0,11.0,12.0,104.2,4.67,2014-11-06 08:19:45
528.216095,5126.183558,12250.0,0,16.0,10.0,11.0,101.63,4.91,2014-11-06 08:29:45
528.212223,5126.183352,12250.0,0,17.0,11.0,12.0,100.6,5.14,2014-11-06 08:39:45
528.212724,5126.184676,11760.0,0,16.0,11.0,13.0,102.06,4.68,2014-11-06 08:49:45
528.214151,5126.182477,12495.0,0,19.0,11.0,13.0,104.45,4.66,2014-11-06 08:59:45
528.21178,5126.184109,13720.0,0,19.0,11.0,13.0,104.56,4.75,2014-11-06 09:09:45
528.211848,5126.184169,17395.0,0,16.0,11.0,12.0,106.92,4.34,2014-11-06 09:19:45
528.212484,5126.183226,29400.0,0,18.0,11.0,13.0,109.11,4.12,2014-11-06 09:29:46
528.212484,5126.183226,17150.0,0,18.0,11.0,13.0,108.61,4.49,2014-11-06 09:39:46
528.211369,5126.182145,17885.0,0,16.0,11.0,12.0,105.4,5.04,2014-11-06 09:49:46
528.210577,5126.18141,25480.0,0,18.0,11.0,12.0,106.56,4.92,2014-11-06 09:59:46
528.210545,5126.179043,16660.0,0,16.0,10.0,12.0,103.93,5.11,2014-11-06 10:09:46
528.210582,5126.182881,11270.0,0,18.0,11.0,12.0,102.5,5.27,2014-11-06 10:19:46
528.209234,5126.180877,13965.0,0,18.0,11.0,12.0,102.14,5.41,2014-11-06 10:29:46
528.20979,5126.181875,26950.0,0,17.0,11.0,12.0,101.4,5.56,2014-11-06 10:39:46
528.20979,5126.181875,22785.0,0,14.0,9.0,10.0,98.16,5.83,2014-11-06 10:49:46
528.20979,5126.181875,11025.0,0,14.0,9.0,10.0,97.25,5.81,2014-11-06 10:59:46
528.20979,5126.181875,16660.0,0,15.0,10.0,11.0,100.62,5.56,2014-11-06 11:09:46
528.20979,5126.181875,21070.0,0,15.0,9.0,11.0,101.78,5.5,2014-11-06 11:19:47
528.213145,5126.18718,13230.0,0,15.0,10.0,11.0,98.97,5.87,2014-11-06 11:29:47
528.21322,5126.184421,11270.0,0,16.0,10.0,12.0,98.81,6.05,2014-11-06 11:39:47
528.212431,5126.184946,11025.0,0,16.0,10.0,13.0,101.99,5.45,2014-11-06 11:49:47
528.212431,5126.184946,11025.0,0,16.0,10.0,13.0,101.99,5.45,2014-11-06 11:49:47
528.212431,5126.184946,12005.0,0,18.0,10.0,12.0,101.83,5.76,2014-11-06 11:59:47
528.212431,5126.184946,9310.0,0,18.0,11.0,12.0,101.88,5.65,2014-11-06 12:09:47
0.0,0.0,11270.0,0,17.0,11.0,13.0,103.13,5.51,2014-11-06 12:19:38
528.216263,5126.181828,14945.0,0,19.0,12.0,15.0,104.0,5.38,2014-11-06 12:29:38
528.216263,5126.181828,14945.0,0,18.0,11.0,13.0,105.26,5.33,2014-11-06 12:39:38
528.210197,5126.180329,17885.0,0,20.0,12.0,14.0,104.91,5.47,2014-11-06 12:49:38
528.208453,5126.180296,16170.0,0,17.0,12.0,14.0,102.5,5.66,2014-11-06 12:59:38
528.208453,5126.180296,13230.0,0,21.0,13.0,14.0,102.72,5.81,2014-11-06 13:09:39
528.205171,5126.180046,13475.0,0,21.0,12.0,15.0,105.23,6.0,2014-11-06 13:19:39
528.210066,5126.181486,14210.0,0,24.0,11.0,14.0,107.17,5.64,2014-11-06 13:29:39
528.210066,5126.181486,15435.0,0,17.0,10.0,12.0,105.37,5.87,2014-11-06 13:39:39
528.210066,5126.181486,17395.0,0,16.0,10.0,12.0,107.99,5.45,2014-11-06 13:49:39
528.210928,5126.177005,19355.0,0,20.0,10.0,12.0,106.02,5.91,2014-11-06 13:59:39
528.210928,5126.177005,36015.0,0,18.0,11.0,12.0,107.02,5.87,2014-11-06 14:09:39
528.210142,5126.179803,24255.0,0,18.0,11.0,14.0,108.41,5.71,2014-11-06 14:19:39
528.210142,5126.179803,17885.0,0,19.0,10.0,14.0,109.0,5.68,2014-11-06 14:29:39
528.207302,5126.181012,23520.0,0,18.0,10.0,13.0,110.53,5.53,2014-11-06 14:39:39
528.207029,5126.179652,16170.0,0,17.0,11.0,13.0,106.15,6.18,2014-11-06 14:49:39
528.20642,5126.179594,15435.0,0,25.0,11.0,14.0,109.57,5.71,2014-11-06 14:59:40
528.20642,5126.179594,15190.0,0,24.0,11.0,14.0,106.18,6.1,2014-11-06 15:09:40
528.20642,5126.179594,19110.0,0,24.0,11.0,16.0,101.65,6.71,2014-11-06 15:19:40
528.207609,5126.180559,17885.0,0,22.0,12.0,16.0,101.72,6.73,2014-11-06 15:29:40
528.210904,5126.180235,15680.0,0,22.0,12.0,17.0,104.99,6.3,2014-11-06 15:39:40
528.213885,5126.179058,14700.0,0,27.0,12.0,16.0,102.5,6.82,2014-11-06 15:49:40
528.210784,5126.178473,17395.0,0,25.0,12.0,17.0,101.96,6.93,2014-11-06 15:59:40
528.210784,5126.178473,20580.0,0,32.0,12.0,16.0,108.21,6.16,2014-11-06 16:09:40
528.210784,5126.178473,21070.0,0,30.0,12.0,16.0,112.23,5.76,2014-11-06 16:19:40
528.210784,5126.178473,20580.0,0,21.0,12.0,16.0,110.68,6.21,2014-11-06 16:29:40
528.210784,5126.178473,18865.0,0,27.0,11.0,16.0,110.37,6.27,2014-11-06 16:39:40
528.210784,5126.178473,20090.0,0,26.0,11.0,16.0,107.12,6.75,2014-11-06 16:49:41
528.210784,5126.178473,23520.0,0,23.0,11.0,16.0,103.66,7.11,2014-11-06 16:59:41
528.213807,5126.183265,19600.0,0,23.0,10.0,15.0,101.64,7.35,2014-11-06 17:09:41
528.211077,5126.182363,19355.0,0,26.0,9.0,15.0,100.53,7.36,2014-11-06 17:19:41
528.212093,5126.181987,19600.0,0,26.0,9.0,14.0,100.37,7.26,2014-11-06 17:29:41
528.211703,5126.182298,19355.0,0,25.0,9.0,15.0,106.56,6.21,2014-11-06 17:39:41
528.211703,5126.182298,19355.0,0,23.0,9.0,13.0,106.75,6.09,2014-11-06 17:49:41
528.212931,5126.184115,22050.0,0,29.0,9.0,15.0,107.22,5.86,2014-11-06 17:59:41
528.211487,5126.183459,19845.0,0,26.0,8.0,14.0,103.9,6.11,2014-11-06 18:09:41
528.211309,5126.182434,15190.0,0,21.0,8.0,12.0,103.26,5.72,2014-11-06 18:19:41
528.211309,5126.182434,12495.0,0,19.0,7.0,11.0,99.43,5.75,2014-11-06 18:29:41
528.210873,5126.183578,12250.0,0,20.0,7.0,10.0,98.35,5.23,2014-11-06 18:39:42
528.211776,5126.184714,12005.0,0,22.0,6.0,11.0,99.56,4.72,2014-11-06 18:49:42
528.211907,5126.184567,12250.0,0,18.0,7.0,10.0,100.31,4.33,2014-11-06 18:59:42
528.20946,5126.183783,11760.0,0,21.0,6.0,9.0,100.66,3.96,2014-11-06 19:09:42
528.20946,5126.183783,10780.0,0,16.0,6.0,10.0,102.3,3.44,2014-11-06 19:19:42
528.20946,5126.183783,11760.0,0,27.0,6.0,9.0,102.71,3.36,2014-11-06 19:29:42
528.20946,5126.183783,13720.0,0,19.0,6.0,10.0,102.53,3.27,2014-11-06 19:39:42
528.20946,5126.183783,12250.0,0,16.0,7.0,10.0,102.85,3.0,2014-11-06 19:49:42
528.210438,5126.181543,12495.0,0,20.0,6.0,10.0,102.28,3.19,2014-11-06 19:59:42
528.210438,5126.181543,14455.0,0,18.0,7.0,10.0,104.12,2.87,2014-11-06 20:09:42
528.209278,5126.181701,12985.0,0,18.0,6.0,10.0,104.74,2.82,2014-11-06 20:19:42
528.211212,5126.181556,12740.0,0,19.0,7.0,10.0,106.28,2.36,2014-11-06 20:29:43
528.211212,5126.181556,11270.0,0,15.0,7.0,10.0,107.23,2.25,2014-11-06 20:39:43
528.211212,5126.181556,12005.0,0,19.0,7.0,11.0,106.75,2.21,2014-11-06 20:49:43
528.211212,5126.181556,12495.0,0,18.0,7.0,10.0,108.31,1.91,2014-11-06 20:59:43
528.208898,5126.180609,12740.0,0,18.0,7.0,11.0,108.32,1.92,2014-11-06 21:09:43
528.210743,5126.180439,13475.0,0,19.0,7.0,10.0,108.39,1.88,2014-11-06 21:19:43
528.210743,5126.180439,14210.0,0,23.0,7.0,9.0,106.26,2.12,2014-11-06 21:29:43
528.210199,5126.181941,16905.0,0,20.0,7.0,11.0,108.83,1.68,2014-11-06 21:39:43
528.210334,5126.185375,13720.0,0,19.0,7.0,11.0,111.83,1.28,2014-11-06 21:49:43
528.212029,5126.184685,18130.0,0,21.0,6.0,12.0,114.08,0.99,2014-11-06 21:59:43
528.21013,5126.184184,19845.0,0,16.0,7.0,10.0,115.51,0.78,2014-11-06 22:09:43
528.21013,5126.184184,14945.0,0,20.0,7.0,10.0,117.69,0.4,2014-11-06 22:19:44
528.21013,5126.184184,14455.0,0,21.0,6.0,10.0,118.58,0.43,2014-11-06 22:29:44
528.212834,5126.185455,15925.0,0,32.0,7.0,11.0,118.06,0.43,2014-11-06 22:39:44
528.214369,5126.184099,17150.0,0,20.0,7.0,11.0,117.99,0.38,2014-11-06 22:49:44
528.214298,5126.187309,17885.0,0,16.0,6.0,9.0,117.46,0.56,2014-11-06 22:59:44
528.211297,5126.183476,17150.0,0,20.0,7.0,10.0,115.86,0.69,2014-11-06 23:09:44
528.21505,5126.186588,19110.0,0,17.0,7.0,10.0,116.93,0.38,2014-11-06 23:19:44
528.215514,5126.185987,16905.0,0,17.0,6.0,10.0,116.55,0.33,2014-11-06 23:29:44
528.214776,5126.184861,14700.0,0,16.0,7.0,10.0,120.89,-0.15,2014-11-06 23:39:44
528.212571,5126.180576,15680.0,0,18.0,7.0,10.0,119.98,-0.16,2014-11-06 23:49:44
528.212571,5126.180576,13965.0,0,18.0,7.0,10.0,119.26,-0.14,2014-11-06 23:59:44
528.212571,5126.180576,13230.0,0,22.0,6.0,9.0,120.46,-0.51,2014-11-07 00:09:45
528.212571,5126.180576,12495.0,0,17.0,7.0,9.0,121.64,-0.64,2014-11-07 00:19:45
528.212571,5126.180576,11270.0,0,18.0,7.0,11.0,123.64,-0.99,2014-11-07 00:29:45
528.212342,5126.181511,11025.0,0,17.0,7.0,10.0,124.23,-0.98,2014-11-07 00:39:45
528.211724,5126.181542,10290.0,0,15.0,6.0,8.0,124.07,-1.07,2014-11-07 00:49:45
528.212499,5126.179907,11760.0,0,17.0,7.0,9.0,123.91,-0.89,2014-11-07 00:59:45
528.208354,5126.180622,10045.0,0,14.0,6.0,9.0,122.71,-0.94,2014-11-07 01:09:45
528.208354,5126.180622,11515.0,0,15.0,7.0,9.0,123.79,-0.99,2014-11-07 01:19:45
528.213059,5126.182584,11025.0,0,14.0,6.0,9.0,123.3,-1.0,2014-11-07 01:29:45
528.213059,5126.182584,11025.0,0,13.0,6.0,8.0,122.05,-0.92,2014-11-07 01:39:45
528.213059,5126.182584,10535.0,0,14.0,6.0,8.0,124.03,-1.22,2014-11-07 01:49:45
528.21334,5126.177381,10535.0,0,16.0,6.0,8.0,122.38,-0.95,2014-11-07 01:59:46
528.21334,5126.177381,10535.0,0,13.0,6.0,9.0,123.48,-1.06,2014-11-07 02:09:46
528.21334,5126.177381,10290.0,0,11.0,6.0,7.0,123.52,-1.15,2014-11-07 02:19:46
528.212018,5126.181976,9800.0,0,13.0,6.0,8.0,124.56,-1.33,2014-11-07 02:29:46
528.213073,5126.181929,9310.0,0,13.0,6.0,8.0,124.3,-1.24,2014-11-07 02:39:46
528.213073,5126.181929,9065.0,0,13.0,6.0,7.0,123.77,-1.11,2014-11-07 02:49:46
528.213073,5126.181929,8820.0,0,13.0,6.0,7.0,123.29,-1.0,2014-11-07 02:59:46
528.213073,5126.181929,8820.0,0,11.0,6.0,7.0,122.46,-0.92,2014-11-07 03:09:46
528.213073,5126.181929,9310.0,0,16.0,6.0,7.0,122.55,-0.89,2014-11-07 03:19:46
528.213073,5126.181929,16660.0,0,11.0,6.0,7.0,121.71,-0.76,2014-11-07 03:29:46
528.213073,5126.181929,9800.0,0,10.0,6.0,7.0,121.01,-0.6,2014-11-07 03:39:46
528.212522,5126.185503,8820.0,0,9.0,6.0,7.0,122.19,-0.72,2014-11-07 03:49:47
528.212522,5126.185503,9065.0,0,16.0,6.0,8.0,121.54,-0.64,2014-11-07 03:59:47
528.212522,5126.185503,9310.0,0,11.0,6.0,7.0,120.73,-0.51,2014-11-07 04:09:47
528.212505,5126.185093,9065.0,0,10.0,6.0,8.0,121.43,-0.59,2014-11-07 04:19:47
528.213319,5126.183957,9310.0,0,11.0,7.0,7.0,120.79,-0.53,2014-11-07 04:29:47
528.211409,5126.184589,11025.0,0,11.0,7.0,8.0,121.26,-0.64,2014-11-07 04:39:47
528.211889,5126.184996,11515.0,0,10.0,6.0,8.0,121.17,-0.56,2014-11-07 04:49:47
528.208466,5126.189147,10535.0,0,12.0,7.0,7.0,121.87,-0.68,2014-11-07 04:59:47
528.207433,5126.187752,10290.0,0,11.0,6.0,7.0,121.42,-0.63,2014-11-07 05:09:47
528.208581,5126.18858,11270.0,0,11.0,6.0,8.0,120.44,-0.53,2014-11-07 05:19:47
528.207507,5126.174287,12495.0,0,12.0,7.0,8.0,119.81,-0.45,2014-11-07 05:29:47
528.210516,5126.178801,11270.0,0,11.0,7.0,8.0,118.5,-0.24,2014-11-07 05:39:48
528.205455,5126.179845,12740.0,0,11.0,7.0,7.0,117.1,-0.06,2014-11-07 05:49:48
528.206782,5126.180258,15925.0,0,11.0,7.0,8.0,116.48,0.01,2014-11-07 05:59:48
528.206782,5126.180258,13475.0,0,11.0,7.0,8.0,115.98,0.07,2014-11-07 06:09:48
528.205471,5126.180478,13230.0,0,13.0,7.0,8.0,115.75,0.03,2014-11-07 06:19:48
528.209624,5126.181612,14700.0,0,12.0,7.0,8.0,116.41,-0.1,2014-11-07 06:29:48
528.206317,5126.181866,17885.0,0,11.0,7.0,8.0,115.35,0.09,2014-11-07 06:39:48
528.208958,5126.176224,27930.0,0,11.0,7.0,8.0,113.25,0.19,2014-11-07 06:49:48
528.210948,5126.180209,26460.0,0,12.0,6.0,7.0,112.51,0.3,2014-11-07 06:59:48
528.213371,5126.180492,17150.0,0,12.0,7.0,8.0,110.58,0.39,2014-11-07 07:09:48
528.212799,5126.179475,15190.0,0,12.0,6.0,8.0,109.41,0.44,2014-11-07 07:19:48
528.213902,5126.180807,15680.0,0,12.0,7.0,7.0,107.87,0.62,2014-11-07 07:29:48
528.215617,5126.182436,18130.0,0,14.0,6.0,7.0,106.45,0.64,2014-11-07 07:39:49
528.216076,5126.183332,25480.0,0,9.0,6.0,6.0,104.5,0.94,2014-11-07 07:49:49
528.216488,5126.184559,18130.0,0,11.0,6.0,7.0,102.51,1.08,2014-11-07 07:59:49
528.216574,5126.184622,15925.0,0,10.0,6.0,7.0,100.72,1.29,2014-11-07 08:09:49
528.217373,5126.185475,14700.0,0,9.0,6.0,7.0,99.32,1.36,2014-11-07 08:19:49
528.217167,5126.185529,14210.0,0,10.0,6.0,6.0,98.27,1.61,2014-11-07 08:29:49
528.218475,5126.187552,13720.0,0,11.0,6.0,6.0,91.46,2.75,2014-11-07 08:39:49
528.218491,5126.187445,20090.0,0,10.0,5.0,7.0,89.4,3.06,2014-11-07 08:49:49
528.21841,5126.187123,16905.0,0,9.0,5.0,6.0,94.21,2.13,2014-11-07 08:59:49
528.21841,5126.187123,18375.0,0,8.0,5.0,6.0,95.48,2.0,2014-11-07 09:09:49
528.217634,5126.186981,16905.0,0,10.0,5.0,6.0,95.62,2.16,2014-11-07 09:19:49
528.21726,5126.186947,14700.0,0,9.0,5.0,6.0,95.91,2.29,2014-11-07 09:29:50
528.21726,5126.186947,14210.0,0,9.0,5.0,6.0,96.35,2.33,2014-11-07 09:39:50
528.21726,5126.186947,14455.0,0,12.0,5.0,6.0,96.7,2.29,2014-11-07 09:49:50
528.216001,5126.184947,14945.0,0,9.0,5.0,6.0,95.61,2.36,2014-11-07 09:59:50
528.216106,5126.184582,14945.0,0,10.0,5.0,6.0,94.29,2.6,2014-11-07 10:09:50
528.216686,5126.18527,16415.0,0,10.0,5.0,6.0,93.91,2.76,2014-11-07 10:19:50
528.217732,5126.186141,15680.0,0,9.0,5.0,6.0,92.93,3.12,2014-11-07 10:29:50
528.217661,5126.186078,15680.0,0,11.0,5.0,6.0,94.84,3.02,2014-11-07 10:39:50
528.217661,5126.186078,16905.0,0,8.0,5.0,6.0,94.96,3.25,2014-11-07 10:49:50
528.217661,5126.186078,20580.0,0,10.0,5.0,6.0,94.62,3.64,2014-11-07 10:59:50
528.217661,5126.186078,17150.0,0,9.0,5.0,6.0,94.78,3.79,2014-11-07 11:09:50
528.217661,5126.186078,18375.0,0,10.0,5.0,6.0,94.88,3.97,2014-11-07 11:19:51
528.217693,5126.188678,21560.0,0,9.0,4.0,5.0,97.97,4.06,2014-11-07 11:29:51
528.218022,5126.188668,13720.0,0,7.0,3.0,4.0,93.56,4.13,2014-11-07 11:39:51
528.218364,5126.188878,12740.0,0,8.0,3.0,4.0,94.0,4.12,2014-11-07 11:49:51
528.218592,5126.188997,12005.0,0,6.0,3.0,3.0,99.68,3.73,2014-11-07 11:59:51
528.21837,5126.188402,10045.0,0,8.0,3.0,4.0,105.09,3.57,2014-11-07 12:09:51
